1st,45.5552,Initao,Misamis Oriental,REGION X (Northern Mindanao),3,8.0956,3,10.8024,5,4.9719,25,11.6956,1,9.9897
2nd,40.9293,Baler,Aurora,REGION III (Central Luzon),5,7.7328,53,9.3939,6,4.8712,13,11.9020,20,7.0294
3rd,39.9619,Sulop,Davao Del Sur,REGION XI (Davao Region),82,5.7101,9,10.3469,1,5.8784,15,11.8251,36,6.2014
4th,39.3900,Panglao,Bohol,REGION VII (Central Visayas),1,9.1737,283,7.9217,2,5.5160,538,9.8229,21,6.9557
5th,38.7559,Baras (RL),Rizal,REGION IV-A (CALABARZON),8,7.4972,72,9.2527,30,3.7278,85,11.4675,22,6.8107
6th,38.4535,Castillejos,Zambales,REGION III (Central Luzon),19,6.8776,68,9.2929,71,3.3239,31,11.6537,9,7.3054
7th,38.3069,San Remigio (CU),Cebu,REGION VII (Central Visayas),33,6.3098,28,9.6927,8,4.7476,26,11.6872,43,5.8696
8th,38.2210,Taal,Batangas,REGION IV-A (CALABARZON),64,5.8216,154,8.6835,16,3.9999,57,11.5524,3,8.1636
9th,38.1665,Cardona,Rizal,REGION IV-A (CALABARZON),103,5.5863,89,9.1191,9,4.5750,107,11.4419,7,7.4442
10th,37.9624,Buug,Zamboanga Sibugay,REGION IX (Zamboanga Peninsula),140,5.4071,97,9.0406,126,3.0941,342,10.9269,2,9.4937
11th,37.9560,Salay,Misamis Oriental,REGION X (Northern Mindanao),120,5.5020,27,9.7104,42,3.5572,45,11.5908,6,7.5956
12th,37.8596,Mambajao,Camiguin,REGION X (Northern Mindanao),4,7.9948,12,10.0295,31,3.7023,11,11.9098,188,4.2232
13th,37.7361,Tayug,Pangasinan,REGION I (Ilocos Region),15,6.9976,6,10.3997,18,3.9483,29,11.6789,113,4.7116
14th,37.7354,Morong (BN),Bataan,REGION III (Central Luzon),425,4.5096,8,10.3620,73,3.3095,56,11.5531,4,8.0012
15th,37.7189,Hagonoy (DS),Davao Del Sur,REGION XI (Davao Region),2,8.1989,20,9.7926,182,2.9546,27,11.6857,90,5.0871
16th,37.5042,San Simon,Pampanga,REGION III (Central Luzon),10,7.3888,26,9.7130,21,3.8739,89,11.4651,96,5.0634
17th,37.2643,Allacapan,Cagayan,REGION II (Cagayan Valley),21,6.8287,63,9.3135,189,2.9315,52,11.5794,26,6.6112
18th,37.1800,Can-Avid,Eastern Samar,REGION VIII (Eastern Visayas),264,4.9601,10,10.3064,144,3.0471,32,11.6510,13,7.2154
19th,36.8109,Alaminos (LA),Laguna,REGION IV-A (CALABARZON),52,6.0076,84,9.1528,22,3.8302,82,11.4732,35,6.3471
20th,36.6610,Lamut,Ifugao,CAR - Cordillera Administrative Region,12,7.1928,150,8.7136,19,3.8826,10,11.9797,105,4.8923
21st,36.6574,Dasol,Pangasinan,REGION I (Ilocos Region),9,7.4901,48,9.4664,193,2.9243,53,11.5656,75,5.2110
22nd,36.6173,Bacolor,Pampanga,REGION III (Central Luzon),14,7.0659,80,9.1937,17,3.9680,245,11.3317,97,5.0580
23rd,36.4539,Pura,Tarlac,REGION III (Central Luzon),434,4.4711,51,9.4162,158,3.0121,6,12.3454,14,7.2091
24th,36.2537,Inabanga,Bohol,REGION VII (Central Visayas),266,4.9467,73,9.2501,345,2.6828,7,12.3066,18,7.0675
25th,36.2520,Samal,Bataan,REGION III (Central Luzon),75,5.7592,1,11.7302,155,3.0229,58,11.5517,191,4.1880
26th,36.1213,Calamba (MC),Misamis Occidental,REGION X (Northern Mindanao),111,5.5467,177,8.5103,43,3.5379,265,11.2762,11,7.2502
27th,36.0448,Mendez,Cavite,REGION IV-A (CALABARZON),11,7.2836,14,9.9704,25,3.7899,314,11.0173,210,3.9836
28th,36.0413,Pagudpud,Ilocos Norte,REGION I (Ilocos Region),128,5.4567,17,9.8478,13,4.1124,326,10.9691,52,5.6553
29th,36.0035,Solsona,Ilocos Norte,REGION I (Ilocos Region),89,5.6816,215,8.3183,253,2.7992,60,11.5409,5,7.6635
30th,35.9360,Alimodian,Iloilo,REGION VI (Western Visayas),310,4.8267,60,9.3394,184,2.9493,132,11.4082,8,7.4124
31st,35.8341,Liloy,Zamboanga Del Norte,REGION IX (Zamboanga Peninsula),7,7.5409,136,8.7850,66,3.3407,319,10.9954,80,5.1721
32nd,35.8084,San Jose (DI),Dinagat Islands,REGION XIII (Caraga),20,6.8320,91,9.1106,20,3.8825,127,11.4127,129,4.5706
33rd,35.7539,San Manuel (TC),Tarlac,REGION III (Central Luzon),60,5.8720,18,9.8358,592,1.7664,280,11.1861,17,7.0936
34th,35.6397,Camalaniugan,Cagayan,REGION II (Cagayan Valley),54,5.9979,34,9.6263,109,3.1450,91,11.4598,57,5.4107
35th,35.6230,Pilar (BN),Bataan,REGION III (Central Luzon),18,6.8859,7,10.3896,110,3.1429,35,11.6461,285,3.5585
36th,35.6126,Urbiztondo,Pangasinan,REGION I (Ilocos Region),122,5.4713,36,9.6142,33,3.6788,63,11.5248,64,5.3235
37th,35.5838,Concepcion (IO),Iloilo,REGION VI (Western Visayas),226,5.0802,151,8.7129,133,3.0730,68,11.5113,15,7.2064
38th,35.5459,Norala,South Cotabato,REGION XII (Soccsksargen),204,5.1282,5,10.4368,39,3.6511,17,11.8139,143,4.5159
39th,35.4193,Leganes,Iloilo,REGION VI (Western Visayas),93,5.6215,130,8.8118,3,5.1320,224,11.3467,147,4.5073
40th,35.3756,Palo,Leyte,REGION VIII (Eastern Visayas),22,6.8158,175,8.5154,15,4.0370,452,10.4323,53,5.5751
41st,35.3384,Amadeo,Cavite,REGION IV-A (CALABARZON),13,7.0888,157,8.6606,26,3.7853,409,10.7635,103,5.0402
42nd,35.3369,Magsaysay (DS),Davao Del Sur,REGION XI (Davao Region),127,5.4592,15,9.8736,177,2.9635,12,11.9074,83,5.1332
43rd,35.1041,San Quintin (PS),Pangasinan,REGION I (Ilocos Region),134,5.4301,39,9.5681,96,3.1786,23,11.7092,74,5.2181
44th,35.0800,Sanchez-Mira,Cagayan,REGION II (Cagayan Valley),46,6.0676,59,9.3537,40,3.5720,128,11.4123,115,4.6744
45th,35.0337,Pagsanjan,Laguna,REGION IV-A (CALABARZON),107,5.5648,78,9.2018,44,3.5340,14,11.8960,107,4.8371
46th,35.0139,Bantay,Ilocos Sur,REGION I (Ilocos Region),217,5.0984,113,8.9264,14,4.0550,33,11.6497,66,5.2844
47th,34.9343,Tubao,La Union,REGION I (Ilocos Region),115,5.5275,29,9.6749,324,2.7055,30,11.6748,62,5.3516
48th,34.8653,Loboc,Bohol,REGION VII (Central Visayas),365,4.6652,163,8.5993,95,3.1901,228,11.3437,19,7.0670
49th,34.8345,Sison (PS),Pangasinan,REGION I (Ilocos Region),16,6.9415,184,8.4706,88,3.2205,80,11.4737,111,4.7282
50th,34.7114,Padada,Davao Del Sur,REGION XI (Davao Region),78,5.7475,67,9.2958,41,3.5654,81,11.4733,117,4.6294
51st,34.7095,Mawab,Davao De Oro,REGION XI (Davao Region),172,5.2726,37,9.6119,197,2.9216,74,11.4846,55,5.4188
52nd,34.6497,Santo Domingo (NE),Nueva Ecija,REGION III (Central Luzon),199,5.1530,47,9.4724,38,3.6557,214,11.3537,104,5.0149
53rd,34.6092,Mogpog,Marinduque,REGION IV-B (MIMAROPA),59,5.9268,185,8.4589,119,3.1125,531,9.8523,10,7.2587
54th,34.6024,Catigbian,Bohol,REGION VII (Central Visayas),152,5.3542,33,9.6364,172,2.9689,146,11.3997,69,5.2432
55th,34.5833,Pasuquin,Ilocos Norte,REGION I (Ilocos Region),247,4.9984,252,8.1081,10,4.4714,20,11.7231,67,5.2823
56th,34.4643,Santa Maria (LA),Laguna,REGION IV-A (CALABARZON),376,4.6415,21,9.7772,105,3.1545,59,11.5495,63,5.3416
57th,34.4601,San Francisco (CU),Cebu,REGION VII (Central Visayas),24,6.7049,121,8.8688,112,3.1357,472,10.3695,59,5.3812
58th,34.3697,Paracale,Camarines Norte,REGION V (Bicol Region),169,5.2883,87,9.1272,75,3.2886,61,11.5400,84,5.1256
59th,34.2671,Maribojoc,Bohol,REGION VII (Central Visayas),293,4.8634,280,7.9402,176,2.9645,157,11.3901,16,7.1089
60th,34.2446,Abucay,Bataan,REGION III (Central Luzon),26,6.5917,194,8.3890,63,3.3598,77,11.4788,170,4.4253
61st,34.2284,Paoay,Ilocos Norte,REGION I (Ilocos Region),156,5.3320,16,9.8642,58,3.3905,22,11.7168,213,3.9249
62nd,34.2276,Cordova,Cebu,REGION VII (Central Visayas),34,6.2846,358,7.3860,11,4.3624,44,11.5957,122,4.5989
63rd,34.2166,Cabarroguis,Quirino,REGION II (Cagayan Valley),40,6.1011,304,7.8030,80,3.2639,241,11.3348,49,5.7138
64th,34.1733,Dingalan,Aurora,REGION III (Central Luzon),133,5.4305,57,9.3657,50,3.4786,103,11.4454,160,4.4531
65th,34.1495,Mayoyao,Ifugao,CAR - Cordillera Administrative Region,395,4.5972,38,9.6118,265,2.7828,118,11.4258,48,5.7319
66th,34.1390,Sogod (CU),Cebu,REGION VII (Central Visayas),137,5.4206,159,8.6491,60,3.3739,64,11.5214,79,5.1740
67th,34.1226,Socorro (OR),Oriental Mindoro,REGION IV-B (MIMAROPA),98,5.6074,166,8.5900,62,3.3601,238,11.3369,72,5.2282
68th,34.0513,San Antonio (QN),Quezon,REGION IV-A (CALABARZON),178,5.2385,32,9.6368,120,3.1120,83,11.4709,124,4.5931
69th,34.0255,Alitagtag,Batangas,REGION IV-A (CALABARZON),117,5.5204,23,9.7267,190,2.9311,216,11.3529,150,4.4944
70th,34.0076,Jalajala,Rizal,REGION IV-A (CALABARZON),158,5.3268,99,9.0229,134,3.0711,285,11.1398,54,5.4470
71st,33.9182,Bacarra,Ilocos Norte,REGION I (Ilocos Region),32,6.3641,227,8.2379,205,2.9065,16,11.8168,125,4.5929
72nd,33.8888,Romblon,Romblon,REGION IV-B (MIMAROPA),51,6.0128,286,7.8996,70,3.3334,92,11.4597,78,5.1833
73rd,33.8721,Bangar,La Union,REGION I (Ilocos Region),77,5.7492,125,8.8381,107,3.1516,170,11.3824,109,4.7508
74th,33.8461,San Roque,Northern Samar,REGION VIII (Eastern Visayas),417,4.5299,95,9.1013,329,2.6959,106,11.4420,39,6.0770
75th,33.8256,Santo Domingo (IS),Ilocos Sur,REGION I (Ilocos Region),36,6.2254,111,8.9325,67,3.3397,3,12.5998,367,2.7282
76th,33.7990,Paete,Laguna,REGION IV-A (CALABARZON),159,5.3234,259,8.0711,439,2.5414,116,11.4276,30,6.4355
77th,33.7887,Bangui,Ilocos Norte,REGION I (Ilocos Region),167,5.2970,13,9.9963,132,3.0733,51,11.5800,229,3.8421
78th,33.7883,Santo Nino (SC),South Cotabato,REGION XII (Soccsksargen),224,5.0915,24,9.7265,53,3.4363,67,11.5137,204,4.0203
79th,33.7279,Compostela (CU),Cebu,REGION VII (Central Visayas),29,6.4299,322,7.6796,181,2.9557,139,11.4028,68,5.2599
80th,33.6092,Unisan,Quezon,REGION IV-A (CALABARZON),350,4.7136,44,9.4813,65,3.3437,87,11.4661,120,4.6045
81st,33.5679,Alfonso Lista,Ifugao,CAR - Cordillera Administrative Region,25,6.6659,30,9.6638,321,2.7083,434,10.6049,212,3.9250
82nd,33.5604,Magallanes (CE),Cavite,REGION IV-A (CALABARZON),234,5.0428,225,8.2476,48,3.4821,506,10.0645,23,6.7234
83rd,33.5597,Moalboal,Cebu,REGION VII (Central Visayas),53,6.0003,211,8.3277,23,3.8270,439,10.5605,106,4.8442
84th,33.5472,Sinait,Ilocos Sur,REGION I (Ilocos Region),48,6.0338,88,9.1247,100,3.1691,40,11.6140,283,3.6056
85th,33.5216,Pandan (AE),Antique,REGION VI (Western Visayas),188,5.1958,312,7.7739,76,3.2778,394,10.8190,29,6.4551
86th,33.4950,Dipaculao,Aurora,REGION III (Central Luzon),154,5.3423,168,8.5775,136,3.0661,105,11.4438,95,5.0653
87th,33.4912,Magsingal,Ilocos Sur,REGION I (Ilocos Region),67,5.8075,118,8.8816,54,3.4127,21,11.7222,279,3.6672
88th,33.4834,San Isidro (DO),Davao Oriental,REGION XI (Davao Region),206,5.1245,156,8.6677,157,3.0151,160,11.3884,65,5.2877
89th,33.4510,Magsaysay (MO),Misamis Oriental,REGION X (Northern Mindanao),390,4.6035,263,8.0474,250,2.8035,229,11.3416,25,6.6550
90th,33.4095,Maragondon,Cavite,REGION IV-A (CALABARZON),43,6.0803,338,7.5493,37,3.6603,163,11.3876,110,4.7320
91st,33.4039,San Narciso (ZA),Zambales,REGION III (Central Luzon),126,5.4600,250,8.1175,45,3.5229,555,9.6206,24,6.6829
92nd,33.3592,Santa Maria (PS),Pangasinan,REGION I (Ilocos Region),27,6.5525,307,7.7964,72,3.3167,49,11.5853,194,4.1083
93rd,33.3384,Lobo,Batangas,REGION IV-A (CALABARZON),148,5.3836,381,7.2211,49,3.4798,259,11.2917,41,5.9622
94th,33.3074,Pontevedra (NO),Negros Occidental,REGION VI (Western Visayas),345,4.7272,56,9.3739,353,2.6639,112,11.4343,86,5.1081
95th,33.3064,Jordan,Guimaras,REGION VI (Western Visayas),42,6.0940,265,8.0272,29,3.7377,490,10.2984,81,5.1491
96th,33.2920,Santa Ana (PA),Pampanga,REGION III (Central Luzon),108,5.5620,96,9.0526,81,3.2568,117,11.4268,208,3.9938
97th,33.2679,Balungao,Pangasinan,REGION I (Ilocos Region),94,5.6182,233,8.2077,86,3.2348,41,11.6122,123,4.5950
98th,33.1985,Zaragoza,Nueva Ecija,REGION III (Central Luzon),70,5.7953,123,8.8577,64,3.3491,234,11.3387,226,3.8577
99th,33.1953,Plaridel (MC),Misamis Occidental,REGION X (Northern Mindanao),37,6.1469,180,8.4955,93,3.2050,76,11.4793,224,3.8686
100th,33.1761,Dolores (QN),Quezon,REGION IV-A (CALABARZON),190,5.1757,76,9.2210,173,2.9680,275,11.2205,126,4.5909
101st,33.1756,Ivisan,Capiz,REGION VI (Western Visayas),294,4.8621,64,9.3118,239,2.8268,24,11.7067,157,4.4682
102nd,33.1647,Kasibu,Nueva Vizcaya,REGION II (Cagayan Valley),57,5.9519,11,10.0738,381,2.6301,303,11.0816,303,3.4273
103rd,33.1355,Tarragona,Davao Oriental,REGION XI (Davao Region),534,4.1419,158,8.6494,424,2.5626,175,11.3798,31,6.4018
104th,33.1114,Lasam,Cagayan,REGION II (Cagayan Valley),39,6.1284,52,9.4019,206,2.9058,356,10.8897,248,3.7856
105th,33.1098,San Miguel (BL),Bohol,REGION VII (Central Visayas),401,4.5841,46,9.4793,327,2.7017,272,11.2549,89,5.0898
106th,33.0956,San Felipe,Zambales,REGION III (Central Luzon),85,5.6867,35,9.6184,192,2.9287,123,11.4184,299,3.4434
107th,33.0901,San Guillermo,Isabela,REGION II (Cagayan Valley),477,4.3637,31,9.6383,500,2.4195,260,11.2871,58,5.3815
108th,33.0475,Bilar,Bohol,REGION VII (Central Visayas),385,4.6118,110,8.9334,272,2.7753,185,11.3702,61,5.3568
109th,33.0275,Tantangan,South Cotabato,REGION XII (Soccsksargen),375,4.6430,94,9.1049,152,3.0379,37,11.6384,121,4.6033
110th,33.0056,Caoayan,Ilocos Sur,REGION I (Ilocos Region),290,4.8701,65,9.3075,406,2.5911,19,11.7842,161,4.4527
111th,32.9822,Banate,Iloilo,REGION VI (Western Visayas),207,5.1241,93,9.1072,283,2.7621,137,11.4037,128,4.5851
112th,32.9702,San Miguel (IO),Iloilo,REGION VI (Western Visayas),50,6.0230,243,8.1569,371,2.6416,156,11.3915,108,4.7572
113th,32.9436,Alubijid,Misamis Oriental,REGION X (Northern Mindanao),62,5.8511,192,8.3992,165,2.9937,448,10.4739,73,5.2257
114th,32.9430,Badiangan,Iloilo,REGION VI (Western Visayas),292,4.8653,170,8.5642,339,2.6858,453,10.4308,33,6.3969
115th,32.8730,Santa Rita (PA),Pampanga,REGION III (Central Luzon),102,5.5876,100,9.0170,218,2.8789,211,11.3551,201,4.0344
116th,32.8518,Bagac,Bataan,REGION III (Central Luzon),245,5.0069,2,10.8794,141,3.0484,489,10.3004,282,3.6167
117th,32.8279,Medina,Misamis Oriental,REGION X (Northern Mindanao),45,6.0734,66,9.3072,101,3.1672,447,10.4761,244,3.8040
118th,32.7555,San Juan (IS),Ilocos Sur,REGION I (Ilocos Region),138,5.4152,129,8.8226,395,2.6141,150,11.3950,146,4.5086
119th,32.7529,Quezon (IA),Isabela,REGION II (Cagayan Valley),41,6.1000,124,8.8470,401,2.6071,311,11.0487,192,4.1501
120th,32.7434,Bautista,Pangasinan,REGION I (Ilocos Region),65,5.8124,126,8.8301,191,2.9297,36,11.6421,287,3.5291
121st,32.7176,Reina Mercedes,Isabela,REGION II (Cagayan Valley),113,5.5295,218,8.3118,244,2.8224,72,11.4883,132,4.5656
122nd,32.7005,General Mamerto Natividad,Nueva Ecija,REGION III (Central Luzon),274,4.9274,193,8.3935,264,2.7861,198,11.3619,71,5.2316
123rd,32.6856,Labason,Zamboanga Del Norte,REGION IX (Zamboanga Peninsula),139,5.4121,339,7.5429,84,3.2538,233,11.3394,82,5.1374
124th,32.6609,Guimbal,Iloilo,REGION VI (Western Visayas),104,5.5799,214,8.3199,57,3.3924,88,11.4659,217,3.9028
125th,32.6160,Zarraga,Iloilo,REGION VI (Western Visayas),151,5.3609,102,9.0061,138,3.0586,192,11.3655,233,3.8249
126th,32.5962,Gamu,Isabela,REGION II (Cagayan Valley),218,5.0971,152,8.6957,222,2.8673,172,11.3815,134,4.5546
127th,32.5944,Sarrat,Ilocos Norte,REGION I (Ilocos Region),74,5.7622,256,8.0831,260,2.7901,132,11.4082,136,4.5508
128th,32.5550,Cabangan,Zambales,REGION III (Central Luzon),184,5.2191,79,9.1967,236,2.8339,121,11.4214,221,3.8839
129th,32.5541,Cabanglasan,Bukidnon,REGION X (Northern Mindanao),298,4.8529,122,8.8617,519,2.3788,126,11.4131,98,5.0476
130th,32.4612,Aleosan,Cotabato (North Cotabato),REGION XII (Soccsksargen),213,5.1058,132,8.8009,77,3.2742,42,11.5985,278,3.6818
131st,32.4606,Bindoy,Negros Oriental,REGION VII (Central Visayas),221,5.0923,493,6.2043,421,2.5667,209,11.3560,12,7.2413
132nd,32.4554,Anilao,Iloilo,REGION VI (Western Visayas),486,4.3403,281,7.9384,486,2.4414,239,11.3367,32,6.3986
133rd,32.4337,Albuera,Leyte,REGION VIII (Eastern Visayas),136,5.4258,205,8.3611,295,2.7486,98,11.4561,166,4.4421
134th,32.4205,Delfin Albano,Isabela,REGION II (Cagayan Valley),170,5.2834,58,9.3541,531,2.3436,284,11.1409,184,4.2985
135th,32.4135,Naguilian (IA),Isabela,REGION II (Cagayan Valley),261,4.9631,75,9.2321,529,2.3544,232,11.3402,141,4.5237
136th,32.4053,Llanera,Nueva Ecija,REGION III (Central Luzon),262,4.9613,235,8.2011,124,3.1019,48,11.5879,135,4.5531
137th,32.3837,Balasan,Iloilo,REGION VI (Western Visayas),86,5.6850,232,8.2259,122,3.1043,270,11.2635,195,4.1050
138th,32.3797,Natividad,Pangasinan,REGION I (Ilocos Region),183,5.2199,309,7.7867,187,2.9336,18,11.7918,116,4.6477
139th,32.3351,Dingle,Iloilo,REGION VI (Western Visayas),315,4.8188,325,7.6628,282,2.7648,169,11.3831,51,5.7056
140th,32.2744,Dupax Del Norte,Nueva Vizcaya,REGION II (Cagayan Valley),146,5.3893,262,8.0544,201,2.9132,136,11.4052,144,4.5123
141st,32.2538,Balabagan,Lanao Del Sur,BARMM - Bangsamoro Autonomous Region in Muslim Mindanao,530,4.1675,40,9.5633,415,2.5810,178,11.3762,131,4.5658
142nd,32.2365,Socorro (SN),Surigao Del Norte,REGION XIII (Caraga),268,4.9377,188,8.4397,249,2.8042,374,10.8621,77,5.1928
143rd,32.2268,Looc (RN),Romblon,REGION IV-B (MIMAROPA),211,5.1070,201,8.3751,162,3.0010,71,11.4887,187,4.2550
144th,32.2042,Makato,Aklan,REGION VI (Western Visayas),495,4.3226,101,9.0111,376,2.6360,377,10.8576,60,5.3769
145th,32.1745,Badoc,Ilocos Norte,REGION I (Ilocos Region),233,5.0448,240,8.1871,129,3.0797,181,11.3744,152,4.4885
146th,32.1429,Banna,Ilocos Norte,REGION I (Ilocos Region),328,4.7652,253,8.0975,331,2.6933,213,11.3539,70,5.2330
147th,32.1003,Laua-An,Antique,REGION VI (Western Visayas),443,4.4601,310,7.7811,489,2.4383,371,10.8657,27,6.5551
148th,32.0571,Pilar (BL),Bohol,REGION VII (Central Visayas),399,4.5914,138,8.7724,174,2.9678,422,10.6576,93,5.0679
149th,32.0525,Mainit,Surigao Del Norte,REGION XIII (Caraga),362,4.6759,228,8.2361,207,2.9021,34,11.6482,127,4.5902
150th,32.0232,Kolambugan,Lanao Del Norte,REGION X (Northern Mindanao),270,4.9364,203,8.3646,166,2.9926,199,11.3616,181,4.3680
151st,31.9995,Guinayangan,Quezon,REGION IV-A (CALABARZON),337,4.7408,219,8.2990,47,3.4890,50,11.5848,220,3.8859
152nd,31.9552,Ramon Magsaysay,Zamboanga Del Sur,REGION IX (Zamboanga Peninsula),283,4.8974,112,8.9266,520,2.3778,184,11.3706,177,4.3828
153rd,31.8905,Tudela (MC),Misamis Occidental,REGION X (Northern Mindanao),354,4.7039,300,7.8239,68,3.3372,94,11.4581,130,4.5674
154th,31.8850,Aurora (IA),Isabela,REGION II (Cagayan Valley),124,5.4635,90,9.1121,114,3.1310,253,11.3083,343,2.8701
155th,31.8807,Liliw,Laguna,REGION IV-A (CALABARZON),267,4.9448,272,7.9954,148,3.0415,164,11.3868,145,4.5122
156th,31.8700,Torrijos,Marinduque,REGION IV-B (MIMAROPA),87,5.6837,255,8.0844,125,3.0961,328,10.9684,200,4.0374
157th,31.8625,Santa Teresita (CG),Cagayan,REGION II (Cagayan Valley),84,5.6954,335,7.5620,293,2.7530,122,11.4209,168,4.4312
158th,31.8607,Polillo,Quezon,REGION IV-A (CALABARZON),356,4.6977,167,8.5819,32,3.6848,305,11.0736,235,3.8227
159th,31.8582,Lupi,Camarines Sur,REGION V (Bicol Region),407,4.5617,349,7.4660,379,2.6313,134,11.4069,45,5.7923
160th,31.8525,New Lucena,Iloilo,REGION VI (Western Visayas),358,4.6870,83,9.1759,281,2.7670,399,10.8022,171,4.4204
161st,31.8319,Patnongon,Antique,REGION VI (Western Visayas),157,5.3313,267,8.0164,195,2.9238,309,11.0689,151,4.4915
162nd,31.8082,Dumalag,Capiz,REGION VI (Western Visayas),468,4.4028,162,8.6049,211,2.8921,97,11.4562,162,4.4522
163rd,31.8020,Tubungan,Iloilo,REGION VI (Western Visayas),210,5.1108,106,8.9670,209,2.8956,481,10.3440,155,4.4846
164th,31.8016,Calape,Bohol,REGION VII (Central Visayas),83,5.6992,131,8.8020,208,2.8971,465,10.3950,206,4.0083
165th,31.7938,Dinalungan,Aurora,REGION III (Central Luzon),589,3.6417,19,9.7928,230,2.8459,288,11.1336,178,4.3798
166th,31.7834,Hungduan,Ifugao,CAR - Cordillera Administrative Region,473,4.3769,92,9.1099,510,2.4034,128,11.4123,156,4.4809
167th,31.7725,Santa Josefa,Agusan Del Sur,REGION XIII (Caraga),306,4.8358,183,8.4881,292,2.7543,119,11.4240,185,4.2703
168th,31.7714,Aguilar,Pangasinan,REGION I (Ilocos Region),251,4.9760,213,8.3229,52,3.4465,135,11.4054,281,3.6206
169th,31.7671,Santo Tomas (PA),Pampanga,REGION III (Central Luzon),110,5.5476,145,8.7477,226,2.8579,385,10.8408,253,3.7731
170th,31.7646,New Washington,Aklan,REGION VI (Western Visayas),100,5.5917,311,7.7773,147,3.0454,396,10.8170,138,4.5332
171st,31.7608,Jagna,Bohol,REGION VII (Central Visayas),6,7.7214,327,7.6438,24,3.8017,507,10.0527,381,2.5412
172nd,31.7349,Penaranda,Nueva Ecija,REGION III (Central Luzon),281,4.9115,386,7.1908,354,2.6624,360,10.8830,38,6.0872
173rd,31.7299,Mataasnakahoy,Batangas,REGION IV-A (CALABARZON),147,5.3845,42,9.5554,145,3.0464,368,10.8733,342,2.8703
174th,31.7079,Baco,Oriental Mindoro,REGION IV-B (MIMAROPA),265,4.9581,128,8.8232,294,2.7512,217,11.3525,234,3.8229
175th,31.7065,Jimenez,Misamis Occidental,REGION X (Northern Mindanao),118,5.5133,271,8.0043,146,3.0458,148,11.3976,264,3.7455
176th,31.6957,Aglipay,Quirino,REGION II (Cagayan Valley),164,5.3080,208,8.3488,167,2.9867,162,11.3877,280,3.6645
177th,31.6773,Cagdianao,Dinagat Islands,REGION XIII (Caraga),255,4.9716,140,8.7675,228,2.8536,250,11.3148,255,3.7698
178th,31.6623,Pitogo (QN),Quezon,REGION IV-A (CALABARZON),432,4.4743,85,9.1455,328,2.6990,352,10.8962,164,4.4473
179th,31.6256,Santa Lucia,Ilocos Sur,REGION I (Ilocos Region),31,6.3783,174,8.5185,313,2.7165,54,11.5616,393,2.4507
180th,31.6163,Naawan,Misamis Oriental,REGION X (Northern Mindanao),394,4.5994,41,9.5570,116,3.1216,487,10.3078,202,4.0305
181st,31.5827,Barugo,Leyte,REGION VIII (Eastern Visayas),353,4.7081,388,7.1685,255,2.7986,364,10.8792,40,6.0283
182nd,31.5778,Aloran,Misamis Occidental,REGION X (Northern Mindanao),228,5.0629,331,7.6208,234,2.8367,69,11.5023,133,4.5551
183rd,31.5603,Magallanes (AN),Agusan Del Norte,REGION XIII (Caraga),109,5.5529,108,8.9399,325,2.7048,529,9.8554,147,4.5073
184th,31.5353,Paombong,Bulacan,REGION III (Central Luzon),101,5.5890,343,7.5161,46,3.4981,312,11.0426,219,3.8895
185th,31.5322,Pinan,Zamboanga Del Norte,REGION IX (Zamboanga Peninsula),360,4.6815,62,9.3155,305,2.7300,237,11.3375,298,3.4677
186th,31.5313,Marihatag,Surigao Del Sur,REGION XIII (Caraga),363,4.6711,209,8.3450,355,2.6590,96,11.4576,173,4.3986
187th,31.5094,Trinidad,Bohol,REGION VII (Central Visayas),150,5.3742,115,8.9225,427,2.5601,365,10.8777,252,3.7749
188th,31.4667,Damulog,Bukidnon,REGION X (Northern Mindanao),369,4.6528,187,8.4475,393,2.6183,221,11.3495,173,4.3986
189th,31.4538,Bacolod (LN),Lanao Del Norte,REGION X (Northern Mindanao),368,4.6569,222,8.2848,121,3.1075,120,11.4231,211,3.9815
190th,31.4462,Buenavista (ME),Marinduque,REGION IV-B (MIMAROPA),280,4.9122,464,6.5586,194,2.9239,4,12.5641,153,4.4874
191st,31.4452,Piddig,Ilocos Norte,REGION I (Ilocos Region),229,5.0612,244,8.1500,160,3.0094,210,11.3557,223,3.8689
192nd,31.4338,Gabaldon,Nueva Ecija,REGION III (Central Luzon),220,5.0929,116,8.9084,117,3.1199,405,10.7835,287,3.5291
193rd,31.4037,Panay,Capiz,REGION VI (Western Visayas),97,5.6116,119,8.8812,314,2.7155,395,10.8185,309,3.3769
194th,31.3986,Buguey,Cagayan,REGION II (Cagayan Valley),162,5.3121,141,8.7649,377,2.6339,345,10.9192,257,3.7685
195th,31.3913,Liloan (SL),Southern Leyte,REGION VIII (Eastern Visayas),171,5.2828,43,9.4878,308,2.7269,327,10.9690,339,2.9248
196th,31.3547,Ibajay,Aklan,REGION VI (Western Visayas),17,6.9011,242,8.1669,325,2.7048,369,10.8707,370,2.7112
197th,31.2902,Nasipit,Agusan Del Norte,REGION XIII (Caraga),38,6.1356,380,7.2247,91,3.2126,70,11.5000,316,3.2173
198th,31.2867,Diplahan,Zamboanga Sibugay,REGION IX (Zamboanga Peninsula),317,4.8118,278,7.9546,202,2.9118,142,11.4016,190,4.2069
199th,31.2821,Montevista,Davao De Oro,REGION XI (Davao Region),76,5.7543,326,7.6452,34,3.6787,46,11.5896,378,2.6143
200th,31.2777,Castilla,Sorsogon,REGION V (Bicol Region),611,2.9687,224,8.2481,89,3.2200,115,11.4282,56,5.4127
201st,31.2650,Bayog,Zamboanga Del Sur,REGION IX (Zamboanga Peninsula),165,5.3070,282,7.9347,498,2.4229,440,10.5561,100,5.0443
202nd,31.2386,Santo Tomas (LU),La Union,REGION I (Ilocos Region),222,5.0922,279,7.9484,130,3.0768,1,14.1156,520,1.0056
203rd,31.2300,Dumalinao,Zamboanga Del Sur,REGION IX (Zamboanga Peninsula),470,4.3881,178,8.5078,214,2.8861,478,10.3610,91,5.0870
204th,31.2223,Magdalena,Laguna,REGION IV-A (CALABARZON),334,4.7470,277,7.9581,200,2.9142,90,11.4620,193,4.1410
205th,31.2148,Bauko,Mountain Province,CAR - Cordillera Administrative Region,135,5.4277,120,8.8733,170,2.9772,297,11.1013,346,2.8353
206th,31.2082,Moises Padilla,Negros Occidental,REGION VI (Western Visayas),379,4.6347,395,7.1118,464,2.4865,269,11.2650,50,5.7102
207th,31.1891,Senator Ninoy Aquino,Sultan Kudarat,REGION XII (Soccsksargen),520,4.2252,144,8.7517,410,2.5863,294,11.1071,142,4.5188
208th,31.1887,Polanco,Zamboanga Del Norte,REGION IX (Zamboanga Peninsula),56,5.9798,361,7.3673,352,2.6641,411,10.7571,171,4.4204
209th,31.1672,Cavinti,Laguna,REGION IV-A (CALABARZON),311,4.8264,127,8.8252,159,3.0111,246,11.3277,317,3.1768
210th,31.1508,Sasmuan,Pampanga,REGION III (Central Luzon),496,4.3221,54,9.3774,380,2.6312,304,11.0765,265,3.7436
211th,31.1404,San Miguel (LE),Leyte,REGION VIII (Eastern Visayas),382,4.6260,251,8.1156,399,2.6079,151,11.3945,174,4.3964
212th,31.1372,Braulio E. Dujali,Davao Del Norte,REGION XI (Davao Region),272,4.9311,104,8.9958,496,2.4256,268,11.2654,289,3.5193
213th,31.1233,Licab,Nueva Ecija,REGION III (Central Luzon),391,4.6021,217,8.3128,362,2.6503,293,11.1143,165,4.4438
214th,31.1197,Alegria (CU),Cebu,REGION VII (Central Visayas),330,4.7620,109,8.9386,232,2.8414,503,10.1573,171,4.4204
215th,31.0828,Noveleta,Cavite,REGION IV-A (CALABARZON),55,5.9882,70,9.2604,82,3.2546,468,10.3879,413,2.1917
216th,31.0818,President Garcia,Bohol,REGION VII (Central Visayas),132,5.4382,45,9.4794,452,2.5091,432,10.6106,331,3.0445
217th,31.0724,Imelda,Zamboanga Sibugay,REGION IX (Zamboanga Peninsula),81,5.7180,451,6.6768,55,3.4087,341,10.9286,182,4.3403
218th,31.0694,Santo Domingo (AY),Albay,REGION V (Bicol Region),225,5.0902,303,7.8055,241,2.8243,203,11.3602,209,3.9892
219th,31.0290,Igbaras,Iloilo,REGION VI (Western Visayas),352,4.7104,268,8.0162,256,2.7950,456,10.4113,87,5.0961
220th,31.0159,President Quirino,Sultan Kudarat,REGION XII (Soccsksargen),200,5.1409,275,7.9692,268,2.7803,220,11.3500,251,3.7755
221st,30.9900,Duenas,Iloilo,REGION VI (Western Visayas),346,4.7230,191,8.4094,304,2.7304,255,11.2997,232,3.8275
222nd,30.9543,Sumilao,Bukidnon,REGION X (Northern Mindanao),179,5.2313,103,8.9963,392,2.6190,182,11.3739,365,2.7338
223rd,30.9493,Kalayaan (LA),Laguna,REGION IV-A (CALABARZON),507,4.2856,139,8.7692,169,2.9799,248,11.3218,284,3.5928
224th,30.9381,Mahayag,Zamboanga Del Sur,REGION IX (Zamboanga Peninsula),516,4.2549,229,8.2347,212,2.8907,300,11.0918,158,4.4660
225th,30.9291,Carmen (AN),Agusan Del Norte,REGION XIII (Caraga),205,5.1249,301,7.8233,246,2.8110,163,11.3876,249,3.7823
226th,30.9214,Talisay (CN),Camarines Norte,REGION V (Bicol Region),497,4.3216,146,8.7406,424,2.5626,376,10.8591,167,4.4375
227th,30.9046,Sagnay,Camarines Sur,REGION V (Bicol Region),374,4.6440,153,8.6858,426,2.5606,579,9.2605,46,5.7537
228th,30.8968,Dauin,Negros Oriental,REGION VII (Central Visayas),163,5.3104,289,7.8663,163,2.9986,378,10.8556,225,3.8659
229th,30.8811,Pontevedra (CZ),Capiz,REGION VI (Western Visayas),192,5.1732,135,8.7910,113,3.1317,416,10.6929,326,3.0923
230th,30.8746,Suyo,Ilocos Sur,REGION I (Ilocos Region),47,6.0633,186,8.4491,466,2.4845,125,11.4155,389,2.4622
231st,30.8688,Arteche,Eastern Samar,REGION VIII (Eastern Visayas),466,4.4077,230,8.2334,299,2.7408,295,11.1027,175,4.3842
232nd,30.8401,Ampatuan,Maguindanao Del Sur,BARMM - Bangsamoro Autonomous Region in Muslim Mindanao,471,4.3850,69,9.2887,583,2.0133,230,11.3408,242,3.8123
233rd,30.8292,Datu Paglas,Maguindanao Del Sur,BARMM - Bangsamoro Autonomous Region in Muslim Mindanao,252,4.9754,107,8.9405,291,2.7549,165,11.3862,357,2.7722
234th,30.8285,Tadian,Mountain Province,CAR - Cordillera Administrative Region,319,4.8106,169,8.5696,359,2.6516,321,10.9879,243,3.8088
235th,30.8112,Burgos (PS),Pangasinan,REGION I (Ilocos Region),143,5.4017,235,8.2011,87,3.2267,95,11.4577,382,2.5240
236th,30.7980,Candijay,Bohol,REGION VII (Central Visayas),318,4.8107,231,8.2324,221,2.8712,187,11.3685,290,3.5152
237th,30.7823,San Luis (PA),Pampanga,REGION III (Central Luzon),297,4.8532,241,8.1731,199,2.9165,138,11.4036,301,3.4359
238th,30.7571,San Teodoro,Oriental Mindoro,REGION IV-B (MIMAROPA),428,4.4954,165,8.5929,277,2.7717,168,11.3840,291,3.5131
239th,30.7541,Gasan,Marinduque,REGION IV-B (MIMAROPA),129,5.4492,445,6.7363,83,3.2542,131,11.4083,216,3.9061
240th,30.7479,Valencia (BL),Bohol,REGION VII (Central Visayas),155,5.3346,142,8.7576,103,3.1578,550,9.6789,238,3.8190
241st,30.7339,Talugtug,Nueva Ecija,REGION III (Central Luzon),240,5.0273,155,8.6706,235,2.8365,179,11.3755,349,2.8240
242nd,30.7190,San Fernando (RN),Romblon,REGION IV-B (MIMAROPA),271,4.9334,266,8.0174,385,2.6262,5,12.3894,360,2.7526
243rd,30.6921,Nueva Valencia,Guimaras,REGION VI (Western Visayas),72,5.7648,317,7.7047,542,2.3157,461,10.4007,148,4.5062
244th,30.6919,Macrohon,Southern Leyte,REGION VIII (Eastern Visayas),518,4.2330,61,9.3281,269,2.7779,370,10.8673,296,3.4856
245th,30.6664,Baroy,Lanao Del Norte,REGION X (Northern Mindanao),355,4.6980,258,8.0744,251,2.8032,236,11.3376,262,3.7532
246th,30.6452,Matalom,Leyte,REGION VIII (Eastern Visayas),285,4.8874,117,8.8876,323,2.7057,426,10.6391,288,3.5254
247th,30.6400,Duero,Bohol,REGION VII (Central Visayas),253,4.9738,276,7.9650,508,2.4085,496,10.2491,101,5.0436
248th,30.6344,Ternate,Cavite,REGION IV-A (CALABARZON),342,4.7316,134,8.7921,78,3.2693,349,10.9070,338,2.9344
249th,30.6115,Santa,Ilocos Sur,REGION I (Ilocos Region),273,4.9283,190,8.4160,174,2.9678,65,11.5181,355,2.7813
250th,30.5892,San Manuel (IA),Isabela,REGION II (Cagayan Valley),180,5.2275,133,8.7951,560,2.2622,145,11.4006,340,2.9038
251st,30.5745,Buenavista (BL),Bohol,REGION VII (Central Visayas),450,4.4389,149,8.7154,343,2.6843,219,11.3504,307,3.3855
252nd,30.5487,Bontoc (SL),Southern Leyte,REGION VIII (Eastern Visayas),325,4.7703,199,8.3784,298,2.7462,386,10.8392,240,3.8146
253rd,30.5278,Saint Bernard,Southern Leyte,REGION VIII (Eastern Visayas),279,4.9126,25,9.7152,610,1.2192,498,10.2387,166,4.4421
254th,30.5105,Numancia,Aklan,REGION VI (Western Visayas),119,5.5086,82,9.1784,143,3.0472,516,9.9202,345,2.8561
255th,30.5092,Tigaon,Camarines Sur,REGION V (Bicol Region),63,5.8304,410,7.0260,79,3.2647,528,9.8578,139,4.5303
256th,30.4994,Minalin,Pampanga,REGION III (Central Luzon),106,5.5762,481,6.4075,12,4.1463,129,11.4092,337,2.9602
257th,30.4934,Bugasong,Antique,REGION VI (Western Visayas),141,5.4052,328,7.6368,555,2.2786,176,11.3784,246,3.7944
258th,30.4896,Alcala (PS),Pangasinan,REGION I (Ilocos Region),173,5.2707,399,7.0729,7,4.7960,78,11.4785,441,1.8715
259th,30.4885,Laoac,Pangasinan,REGION I (Ilocos Region),215,5.1013,315,7.7303,259,2.7923,497,10.2470,119,4.6176
260th,30.3930,Rizal (OM),Occidental Mindoro,REGION IV-B (MIMAROPA),286,4.8854,171,8.5429,318,2.7105,274,11.2337,334,3.0205
261st,30.3697,Banaue,Ifugao,CAR - Cordillera Administrative Region,254,4.9719,305,7.8001,179,2.9593,9,12.0077,376,2.6307
262nd,30.3536,Margosatubig,Zamboanga Del Sur,REGION IX (Zamboanga Peninsula),453,4.4318,287,7.8814,333,2.6912,355,10.8923,159,4.4569
263rd,30.3189,Amlan,Negros Oriental,REGION VII (Central Visayas),313,4.8214,321,7.6822,375,2.6361,102,11.4473,270,3.7319
264th,30.3176,San Jose (TC),Tarlac,REGION III (Central Luzon),490,4.3319,269,8.0107,333,2.6912,306,11.0722,189,4.2116
265th,30.3092,Mayantoc,Tarlac,REGION III (Central Luzon),300,4.8466,308,7.7875,440,2.5383,138,11.4036,269,3.7332
266th,30.2923,Dimiao,Bohol,REGION VII (Central Visayas),411,4.5461,98,9.0374,281,2.7670,277,11.2050,363,2.7368
267th,30.2842,Vallehermoso,Negros Oriental,REGION VII (Central Visayas),197,5.1628,173,8.5254,444,2.5324,215,11.3531,371,2.7105
268th,30.2535,Midsalip,Zamboanga Del Sur,REGION IX (Zamboanga Peninsula),437,4.4647,355,7.3912,369,2.6446,186,11.3692,176,4.3838
269th,30.2445,Dimataling,Zamboanga Del Sur,REGION IX (Zamboanga Peninsula),472,4.3847,221,8.2940,442,2.5360,338,10.9363,197,4.0935
270th,30.2257,Culion,Palawan,REGION IV-B (MIMAROPA),258,4.9660,498,6.1857,390,2.6204,161,11.3883,95,5.0653
271st,30.2044,Dao,Capiz,REGION VI (Western Visayas),336,4.7438,50,9.4204,425,2.5607,543,9.7911,276,3.6884
272nd,30.2043,Majayjay,Laguna,REGION IV-A (CALABARZON),209,5.1145,297,7.8382,99,3.1701,307,11.0703,335,3.0112
273rd,30.1808,Sudipen,La Union,REGION I (Ilocos Region),370,4.6522,254,8.0858,386,2.6253,55,11.5544,314,3.2631
274th,30.1217,Hinunangan,Southern Leyte,REGION VIII (Eastern Visayas),149,5.3786,55,9.3750,570,2.1734,291,11.1268,424,2.0679
275th,30.0558,Javier,Leyte,REGION VIII (Eastern Visayas),559,3.9767,179,8.5068,56,3.4066,99,11.4555,372,2.7102
276th,29.9993,Mallig,Isabela,REGION II (Cagayan Valley),276,4.9235,164,8.5961,554,2.2853,247,11.3247,344,2.8697
277th,29.9923,Palauig,Zambales,REGION III (Central Luzon),344,4.7296,197,8.3853,278,2.7714,264,11.2778,348,2.8282
278th,29.9919,Lapuyan,Zamboanga Del Sur,REGION IX (Zamboanga Peninsula),526,4.1846,247,8.1357,541,2.3176,492,10.2886,94,5.0654
279th,29.9812,Tabogon,Cebu,REGION VII (Central Visayas),332,4.7531,550,5.4991,74,3.2895,483,10.3309,37,6.1086
280th,29.9743,Basay,Negros Oriental,REGION VII (Central Visayas),284,4.8912,195,8.3883,478,2.4571,562,9.5275,114,4.7102
281st,29.9670,Valderrama,Antique,REGION VI (Western Visayas),435,4.4700,367,7.3151,488,2.4404,417,10.6691,92,5.0724
282nd,29.9552,Leyte,Leyte,REGION VIII (Eastern Visayas),482,4.3493,334,7.5650,366,2.6461,218,11.3512,199,4.0436
283rd,29.9545,Bonifacio,Misamis Occidental,REGION X (Northern Mindanao),422,4.5173,369,7.3089,188,2.9316,227,11.3441,227,3.8526
284th,29.8741,Quezon (NV),Nueva Vizcaya,REGION II (Cagayan Valley),175,5.2612,332,7.5908,594,1.6532,320,10.9920,180,4.3769
285th,29.8608,Sierra Bullones,Bohol,REGION VII (Central Visayas),366,4.6598,71,9.2529,528,2.3583,533,9.8361,261,3.7537
286th,29.8094,Padre Burgos (QN),Quezon,REGION IV-A (CALABARZON),463,4.4156,418,6.9630,127,3.0828,110,11.4350,214,3.9130
287th,29.7978,Pitogo (ZR),Zamboanga Del Sur,REGION IX (Zamboanga Peninsula),227,5.0704,480,6.4120,438,2.5437,152,11.3941,179,4.3776
288th,29.7644,San Gabriel,La Union,REGION I (Ilocos Region),263,4.9602,237,8.1926,402,2.6028,47,11.5884,399,2.4204
289th,29.7312,Gigaquit,Surigao Del Norte,REGION XIII (Caraga),413,4.5424,161,8.6235,254,2.7990,158,11.3894,407,2.3769
290th,29.7199,Lian,Batangas,REGION IV-A (CALABARZON),91,5.6472,597,4.8089,59,3.3762,514,9.9371,42,5.9505
291st,29.7091,Garcia-Hernandez,Bohol,REGION VII (Central Visayas),214,5.1052,401,7.0563,287,2.7603,159,11.3887,305,3.3986
292nd,29.7040,Pila,Laguna,REGION IV-A (CALABARZON),331,4.7578,492,6.2070,61,3.3639,222,11.3483,203,4.0270
293rd,29.6490,Pola,Oriental Mindoro,REGION IV-B (MIMAROPA),333,4.7504,246,8.1364,413,2.5843,457,10.4087,256,3.7692
294th,29.6406,Dapa,Surigao Del Norte,REGION XIII (Caraga),28,6.4438,564,5.2734,85,3.2532,344,10.9243,263,3.7459
295th,29.6362,Burgos (IA),Isabela,REGION II (Cagayan Valley),498,4.3203,182,8.4942,263,2.7864,276,11.2164,350,2.8189
296th,29.6278,Agno,Pangasinan,REGION I (Ilocos Region),23,6.7107,298,7.8364,280,2.7694,73,11.4881,527,0.8232
297th,29.5757,Labangan,Zamboanga Del Sur,REGION IX (Zamboanga Peninsula),386,4.6101,81,9.1896,336,2.6888,577,9.3317,260,3.7555
298th,29.5747,Buguias,Benguet,CAR - Cordillera Administrative Region,44,6.0775,293,7.8513,149,3.0406,381,10.8487,464,1.7566
299th,29.5367,Kiangan,Ifugao,CAR - Cordillera Administrative Region,269,4.9365,384,7.2018,335,2.6905,337,10.9371,254,3.7708
300th,29.4769,Pulupandan,Negros Occidental,REGION VI (Western Visayas),287,4.8803,143,8.7537,456,2.4990,346,10.9159,397,2.4280
301st,29.4438,Benito Soliven,Isabela,REGION II (Cagayan Valley),249,4.9871,260,8.0649,548,2.3007,249,11.3205,358,2.7706
302nd,29.4432,Angadanan,Isabela,REGION II (Cagayan Valley),166,5.3038,212,8.3249,271,2.7766,261,11.2854,467,1.7525
303rd,29.4425,Guipos,Zamboanga Del Sur,REGION IX (Zamboanga Peninsula),454,4.4250,359,7.3852,395,2.6141,254,11.3080,275,3.7102
304th,29.4259,Piagapo,Lanao Del Sur,BARMM - Bangsamoro Autonomous Region in Muslim Mindanao,556,4.0096,114,8.9263,551,2.2947,388,10.8372,310,3.3581
305th,29.4061,Basilisa,Dinagat Islands,REGION XIII (Caraga),194,5.1719,206,8.3574,607,1.3184,383,10.8479,274,3.7105
306th,29.3966,Barbaza,Antique,REGION VI (Western Visayas),489,4.3324,510,6.0437,457,2.4987,403,10.7889,47,5.7329
307th,29.3749,Altavas,Aklan,REGION VI (Western Visayas),260,4.9649,405,7.0400,150,3.0395,522,9.8796,163,4.4509
308th,29.3485,Malinao (AY),Albay,REGION V (Bicol Region),389,4.6048,226,8.2391,373,2.6378,301,11.0914,356,2.7754
309th,29.3131,Busuanga,Palawan,REGION IV-B (MIMAROPA),68,5.8070,552,5.4672,238,2.8273,155,11.3919,237,3.8197
310th,29.3060,General Luna (QN),Quezon,REGION IV-A (CALABARZON),208,5.1208,216,8.3130,69,3.3341,101,11.4480,510,1.0901
311th,29.2978,Dulag,Leyte,REGION VIII (Eastern Visayas),447,4.4479,249,8.1176,267,2.7804,500,10.1982,261,3.7537
312th,29.2879,Tampilisan,Zamboanga Del Norte,REGION IX (Zamboanga Peninsula),335,4.7463,172,8.5374,503,2.4127,334,10.9464,375,2.6451
313th,29.2811,Don Marcelino,Davao Occidental,REGION XI (Davao Region),291,4.8683,207,8.3572,106,3.1520,375,10.8601,431,2.0435
314th,29.2462,Baclayon,Bohol,REGION VII (Central Visayas),402,4.5744,486,6.2812,210,2.8937,318,11.0007,149,4.4962
315th,29.2333,Tubo,Abra,CAR - Cordillera Administrative Region,583,3.7290,74,9.2367,445,2.5315,206,11.3592,407,2.3769
316th,29.2282,Calbiga,Samar (Western Samar),REGION VIII (Eastern Visayas),491,4.3304,105,8.9768,580,2.0652,308,11.0695,354,2.7863
317th,29.2149,Magsaysay (OM),Occidental Mindoro,REGION IV-B (MIMAROPA),404,4.5654,530,5.7856,506,2.4098,133,11.4073,99,5.0468
318th,29.1967,Maconacon,Isabela,REGION II (Cagayan Valley),455,4.4247,4,10.5418,582,2.0218,379,10.8533,500,1.3551
319th,29.1892,Silago,Southern Leyte,REGION VIII (Eastern Visayas),540,4.1194,79,9.1967,577,2.1046,296,11.1018,374,2.6667
320th,29.1386,Panukulan,Quezon,REGION IV-A (CALABARZON),431,4.4764,429,6.8963,319,2.7094,225,11.3463,275,3.7102
321st,29.1043,Balete (AK),Aklan,REGION VI (Western Visayas),282,4.9112,398,7.0909,171,2.9731,413,10.7236,304,3.4055
322nd,29.0894,Luna (LU),La Union,REGION I (Ilocos Region),58,5.9371,439,6.7889,164,2.9984,52,11.5794,455,1.7856
323rd,29.0735,Lazi,Siquijor,REGION VII (Central Visayas),423,4.5150,483,6.3677,225,2.8580,384,10.8472,154,4.4856
324th,29.0734,Maydolong,Eastern Samar,REGION VIII (Eastern Visayas),480,4.3503,374,7.2694,418,2.5753,536,9.8341,100,5.0443
325th,29.0688,Lakewood,Zamboanga Del Sur,REGION IX (Zamboanga Peninsula),509,4.2814,284,7.9192,450,2.5214,427,10.6356,273,3.7112
326th,29.0121,Pamplona (CG),Cagayan,REGION II (Cagayan Valley),289,4.8713,86,9.1406,403,2.5978,564,9.5183,341,2.8841
327th,29.0098,Sulat,Eastern Samar,REGION VIII (Eastern Visayas),296,4.8545,236,8.1930,495,2.4281,401,10.7973,362,2.7369
328th,29.0057,Labrador,Pangasinan,REGION I (Ilocos Region),347,4.7209,354,7.4019,151,3.0384,430,10.6252,315,3.2193
329th,28.9846,San Fernando (CS),Camarines Sur,REGION V (Bicol Region),485,4.3432,516,5.9530,382,2.6295,380,10.8525,76,5.2064
330th,28.9717,San Pablo (ZR),Zamboanga Del Sur,REGION IX (Zamboanga Peninsula),324,4.7782,519,5.9324,449,2.5233,425,10.6426,88,5.0952
331st,28.9524,Bulalacao,Oriental Mindoro,REGION IV-B (MIMAROPA),341,4.7329,160,8.6267,590,1.8126,313,11.0265,359,2.7537
332nd,28.8946,Banga (AK),Aklan,REGION VI (Western Visayas),246,5.0013,181,8.4953,131,3.0736,444,10.4905,446,1.8339
333rd,28.8417,Tobias Fornier,Antique,REGION VI (Western Visayas),398,4.5931,436,6.8040,518,2.3801,424,10.6441,171,4.4204
334th,28.8340,Iguig,Cagayan,REGION II (Cagayan Valley),187,5.2120,353,7.4456,258,2.7932,226,11.3452,432,2.0380
335th,28.8329,Datu Saudi-Ampatuan,Maguindanao Del Sur,BARMM - Bangsamoro Autonomous Region in Muslim Mindanao,533,4.1552,245,8.1480,290,2.7552,243,11.3324,395,2.4421
336th,28.8311,Alicia (BL),Bohol,REGION VII (Central Visayas),302,4.8440,357,7.3887,422,2.5659,488,10.3006,270,3.7319
337th,28.7869,Bato (LE),Leyte,REGION VIII (Eastern Visayas),112,5.5351,507,6.0547,139,3.0555,190,11.3662,356,2.7754
338th,28.7806,Catubig,Northern Samar,REGION VIII (Eastern Visayas),448,4.4440,340,7.5351,266,2.7823,2,13.2279,533,0.7913
339th,28.7787,Quezon (NE),Nueva Ecija,REGION III (Central Luzon),223,5.0918,223,8.2771,237,2.8316,473,10.3678,411,2.2104
340th,28.7624,Sigma,Capiz,REGION VI (Western Visayas),121,5.4855,378,7.2410,459,2.4943,471,10.3764,318,3.1652
341st,28.7213,Villareal,Samar (Western Samar),REGION VIII (Eastern Visayas),511,4.2778,290,7.8600,435,2.5474,251,11.3147,368,2.7214
342nd,28.7205,Macalelon,Quezon,REGION IV-A (CALABARZON),444,4.4598,320,7.6887,243,2.8228,38,11.6383,419,2.1109
343rd,28.7163,Cuartero,Capiz,REGION VI (Western Visayas),462,4.4180,196,8.3871,436,2.5469,390,10.8225,380,2.5418
344th,28.7121,Luisiana,Laguna,REGION IV-A (CALABARZON),212,5.1064,533,5.7573,338,2.6862,180,11.3752,247,3.7870
345th,28.6910,Nueva Era,Ilocos Norte,REGION I (Ilocos Region),479,4.3507,189,8.4367,388,2.6228,124,11.4162,443,1.8646
346th,28.6792,Santa Marcela,Apayao,CAR - Cordillera Administrative Region,241,5.0262,296,7.8443,480,2.4503,252,11.3135,430,2.0449
347th,28.6533,Caramoran,Catanduanes,REGION V (Bicol Region),544,4.0898,49,9.4507,276,2.7722,604,8.5731,258,3.7675
348th,28.6266,Dilasag,Aurora,REGION III (Central Luzon),441,4.4617,421,6.9531,501,2.4178,547,9.7504,101,5.0436
349th,28.6220,Bokod,Benguet,CAR - Cordillera Administrative Region,316,4.8128,200,8.3781,328,2.6990,325,10.9705,462,1.7616
350th,28.5937,Zamboanguita,Negros Oriental,REGION VII (Central Visayas),305,4.8397,238,8.1903,284,2.7617,174,11.3803,491,1.4217
351st,28.5790,Lagawe,Ifugao,CAR - Cordillera Administrative Region,66,5.8119,176,8.5109,196,2.9226,442,10.5475,534,0.7861
352nd,28.5752,Getafe,Bohol,REGION VII (Central Visayas),499,4.3198,198,8.3802,589,1.8890,382,10.8486,322,3.1376
353rd,28.5692,Basud (CN),Camarines Norte,REGION V (Bicol Region),456,4.4239,363,7.3421,111,3.1411,499,10.2341,302,3.4280
354th,28.5584,Tinglayan,Kalinga,CAR - Cordillera Administrative Region,469,4.4016,319,7.6898,135,3.0696,190,11.3662,433,2.0312
355th,28.5311,Santa Maria (IA),Isabela,REGION II (Cagayan Valley),372,4.6508,410,7.0260,553,2.2876,79,11.4747,327,3.0920
356th,28.5191,Talisayan,Misamis Oriental,REGION X (Northern Mindanao),277,4.9183,544,5.6090,319,2.7094,104,11.4445,231,3.8379
357th,28.5130,Kayapa,Nueva Vizcaya,REGION II (Cagayan Valley),307,4.8354,419,6.9625,490,2.4363,613,7.8943,34,6.3845
358th,28.5077,Calintaan,Occidental Mindoro,REGION IV-B (MIMAROPA),153,5.3515,511,6.0343,302,2.7378,231,11.3406,333,3.0435
359th,28.4963,Manticao,Misamis Oriental,REGION X (Northern Mindanao),299,4.8491,448,6.7198,97,3.1755,530,9.8538,218,3.8981
360th,28.4926,Mambusao,Capiz,REGION VI (Western Visayas),71,5.7871,508,6.0474,94,3.1906,501,10.1823,313,3.2852
361st,28.4782,Kadingilan,Bukidnon,REGION X (Northern Mindanao),392,4.6008,420,6.9552,526,2.3632,86,11.4664,325,3.0926
362nd,28.4772,Antequera,Bohol,REGION VII (Central Visayas),312,4.8228,324,7.6658,367,2.6458,256,11.2993,431,2.0435
363rd,28.4728,Cervantes,Ilocos Sur,REGION I (Ilocos Region),259,4.9657,314,7.7406,288,2.7595,62,11.5332,486,1.4738
364th,28.4578,Laurel,Batangas,REGION IV-A (CALABARZON),193,5.1729,461,6.5967,223,2.8651,242,11.3328,386,2.4903
365th,28.4480,Tubay,Agusan Del Norte,REGION XIII (Caraga),301,4.8460,539,5.6933,360,2.6507,93,11.4592,245,3.7988
366th,28.4436,Viga,Catanduanes,REGION V (Bicol Region),410,4.5523,484,6.3623,368,2.6452,609,8.3867,28,6.4971
367th,28.4398,La Libertad (NR),Negros Oriental,REGION VII (Central Visayas),257,4.9698,377,7.2415,312,2.7169,204,11.3597,415,2.1519
368th,28.4388,Presentacion,Camarines Sur,REGION V (Bicol Region),278,4.9155,447,6.7318,429,2.5569,534,9.8360,173,4.3986
369th,28.4182,Lupao,Nueva Ecija,REGION III (Central Luzon),80,5.7376,602,4.7476,485,2.4434,84,11.4695,205,4.0201
370th,28.4147,Badian,Cebu,REGION VII (Central Visayas),177,5.2513,368,7.3150,309,2.7246,155,11.3919,472,1.7319
371st,28.4067,Oslob,Cebu,REGION VII (Central Visayas),88,5.6828,529,5.8273,509,2.4071,323,10.9776,292,3.5119
372nd,28.4041,Anda (PS),Pangasinan,REGION I (Ilocos Region),90,5.6526,457,6.6295,161,3.0090,39,11.6188,483,1.4942
373rd,28.3966,Nabas,Aklan,REGION VI (Western Visayas),49,6.0299,428,6.9023,591,1.7996,310,11.0491,377,2.6157
374th,28.3828,Caba,La Union,REGION I (Ilocos Region),255,4.9716,449,6.6913,98,3.1737,28,11.6804,442,1.8658
375th,28.2215,Loreto (DI),Dinagat Islands,REGION XIII (Caraga),418,4.5289,248,8.1262,475,2.4617,207,11.3589,469,1.7458
376th,28.1959,Panitan,Capiz,REGION VI (Western Visayas),508,4.2829,536,5.7104,36,3.6740,415,10.7150,241,3.8136
377th,28.1943,Gamay,Northern Samar,REGION VIII (Eastern Visayas),452,4.4366,347,7.4810,334,2.6910,532,9.8469,267,3.7388
378th,28.1624,Pinili,Ilocos Norte,REGION I (Ilocos Region),478,4.3573,202,8.3654,224,2.8619,302,11.0844,484,1.4934
379th,28.1522,Agoncillo,Batangas,REGION IV-A (CALABARZON),338,4.7406,239,8.1888,605,1.4113,520,9.9000,215,3.9115
380th,28.1160,Sebaste,Antique,REGION VI (Western Visayas),646,0.9418,22,9.7521,511,2.4001,433,10.6100,172,4.4120
381st,28.1017,Amai Manabilang,Lanao Del Sur,BARMM - Bangsamoro Autonomous Region in Muslim Mindanao,203,5.1285,472,6.5105,575,2.1165,278,11.1976,320,3.1486
382nd,28.0856,Santiago (AN),Agusan Del Norte,REGION XIII (Caraga),439,4.4640,396,7.1026,420,2.5683,177,11.3771,379,2.5736
383rd,28.0120,Cordon,Isabela,REGION II (Cagayan Valley),105,5.5791,313,7.7443,220,2.8768,143,11.4012,557,0.4106
384th,27.9905,Maigo,Lanao Del Norte,REGION X (Northern Mindanao),628,2.3230,549,5.5233,185,2.9471,145,11.4006,44,5.7965
385th,27.9847,Dauis,Bohol,REGION VII (Central Visayas),73,5.7638,454,6.6487,27,3.7751,517,9.9186,440,1.8785
386th,27.9759,San Luis (BS),Batangas,REGION IV-A (CALABARZON),629,2.2491,148,8.7226,153,3.0256,283,11.1497,347,2.8289
387th,27.9641,Pasacao,Camarines Sur,REGION V (Bicol Region),160,5.3173,414,6.9866,383,2.6290,526,9.8671,319,3.1641
388th,27.9493,Mandaon,Masbate,REGION V (Bicol Region),565,3.9335,400,7.0567,536,2.3271,333,10.9493,277,3.6827
389th,27.9334,Pangil,Laguna,REGION IV-A (CALABARZON),412,4.5438,385,7.2004,233,2.8402,89,11.4651,439,1.8839
390th,27.9174,Mahaplag,Leyte,REGION VIII (Eastern Visayas),427,4.5062,500,6.1592,286,2.7610,202,11.3605,323,3.1305
391st,27.9115,Kitcharao,Agusan Del Norte,REGION XIII (Caraga),467,4.4030,397,7.0926,384,2.6270,189,11.3678,398,2.4211
392nd,27.9111,Dinas,Zamboanga Del Sur,REGION IX (Zamboanga Peninsula),595,3.5006,501,6.1218,471,2.4725,109,11.4393,180,4.3769
393rd,27.9063,San Andres (QN),Quezon,REGION IV-A (CALABARZON),295,4.8585,411,7.0204,215,2.8851,194,11.3650,458,1.7773
394th,27.8862,Balindong,Lanao Del Sur,BARMM - Bangsamoro Autonomous Region in Muslim Mindanao,414,4.5423,444,6.7419,437,2.5460,481,10.3440,272,3.7120
395th,27.8848,San Narciso (QN),Quezon,REGION IV-A (CALABARZON),378,4.6401,362,7.3446,274,2.7737,154,11.3926,470,1.7338
396th,27.8804,Vinzons,Camarines Norte,REGION V (Bicol Region),438,4.4645,450,6.6812,322,2.7062,361,10.8820,321,3.1465
397th,27.8681,Clarin (MC),Misamis Occidental,REGION X (Northern Mindanao),96,5.6120,446,6.7319,230,2.8459,351,10.8979,457,1.7804
398th,27.8672,Laguindingan,Misamis Oriental,REGION X (Northern Mindanao),161,5.3142,541,5.6874,28,3.7649,223,11.3470,466,1.7537
399th,27.8630,Madridejos,Cebu,REGION VII (Central Visayas),235,5.0383,406,7.0383,142,3.0477,339,10.9343,451,1.8044
400th,27.8531,Piat,Cagayan,REGION II (Cagayan Valley),144,5.3988,299,7.8328,487,2.4408,240,11.3351,525,0.8456
401st,27.8321,Inopacan,Leyte,REGION VIII (Eastern Visayas),388,4.6064,316,7.7245,303,2.7342,188,11.3684,495,1.3986
402nd,27.7921,Manukan,Zamboanga Del Norte,REGION IX (Zamboanga Peninsula),288,4.8723,468,6.5499,92,3.2083,420,10.6639,384,2.4977
403rd,27.7780,Santa Rita (WS),Samar (Western Samar),REGION VIII (Eastern Visayas),357,4.6927,509,6.0449,419,2.5693,324,10.9728,294,3.4983
404th,27.7647,Dolores (ES),Eastern Samar,REGION VIII (Eastern Visayas),202,5.1294,391,7.1390,573,2.1280,551,9.6578,274,3.7105
405th,27.7637,Pambujan,Northern Samar,REGION VIII (Eastern Visayas),484,4.3445,482,6.3944,297,2.7468,408,10.7760,293,3.5020
406th,27.7592,Diadi,Nueva Vizcaya,REGION II (Cagayan Valley),415,4.5361,220,8.2963,559,2.2633,282,11.1681,482,1.4954
407th,27.7404,San Jose (CS),Camarines Sur,REGION V (Bicol Region),381,4.6274,294,7.8486,620,0.5816,560,9.5740,85,5.1088
408th,27.7141,Tuy,Batangas,REGION IV-A (CALABARZON),239,5.0274,496,6.1966,301,2.7387,257,11.2973,392,2.4541
409th,27.6912,Barobo,Surigao Del Sur,REGION XIII (Caraga),79,5.7401,515,5.9905,178,2.9628,281,11.1783,447,1.8195
410th,27.6725,Lavezares,Northern Samar,REGION VIII (Eastern Visayas),501,4.3161,571,5.1766,300,2.7394,348,10.9105,140,4.5299
411th,27.6676,Lanuza,Surigao Del Sur,REGION XIII (Caraga),416,4.5354,523,5.8902,539,2.3209,111,11.4344,295,3.4867
412th,27.6544,Salug,Zamboanga Del Norte,REGION IX (Zamboanga Peninsula),373,4.6490,473,6.5047,347,2.6727,513,9.9461,222,3.8819
413th,27.6476,Kapangan,Benguet,CAR - Cordillera Administrative Region,321,4.7985,329,7.6315,431,2.5523,340,10.9317,471,1.7336
414th,27.6401,Galimuyod,Ilocos Sur,REGION I (Ilocos Region),505,4.2912,273,7.9788,550,2.2977,196,11.3622,475,1.7102
415th,27.5933,Burgos (IS),Ilocos Sur,REGION I (Ilocos Region),511,4.2778,302,7.8197,499,2.4202,193,11.3654,475,1.7102
416th,27.5919,Claveria (CG),Cagayan,REGION II (Cagayan Valley),181,5.2261,425,6.9459,375,2.6361,149,11.3969,496,1.3869
417th,27.5611,Enrile,Cagayan,REGION II (Cagayan Valley),314,4.8195,440,6.7846,546,2.3066,537,9.8282,236,3.8222
418th,27.4903,San Dionisio,Iloilo,REGION VI (Western Visayas),620,2.6245,270,8.0069,493,2.4345,549,9.7090,112,4.7154
419th,27.4829,San Agustin (RN),Romblon,REGION IV-B (MIMAROPA),196,5.1631,601,4.7506,358,2.6537,445,10.4853,169,4.4302
420th,27.4175,Danao (BL),Bohol,REGION VII (Central Visayas),459,4.4212,341,7.5328,315,2.7133,509,10.0400,372,2.7102
421st,27.4150,Taraka,Lanao Del Sur,BARMM - Bangsamoro Autonomous Region in Muslim Mindanao,532,4.1560,352,7.4582,344,2.6837,429,10.6258,385,2.4913
422nd,27.3505,Sibonga,Cebu,REGION VII (Central Visayas),236,5.0341,390,7.1519,115,3.1296,387,10.8389,504,1.1960
423rd,27.3359,Banayoyo,Ilocos Sur,REGION I (Ilocos Region),553,4.0301,415,6.9858,484,2.4444,108,11.4407,396,2.4349
424th,27.3239,South Upi,Maguindanao Del Sur,BARMM - Bangsamoro Autonomous Region in Muslim Mindanao,449,4.4438,330,7.6295,470,2.4732,208,11.3564,492,1.4210
425th,27.3183,Dangcagan,Bukidnon,REGION X (Northern Mindanao),460,4.4211,412,7.0134,365,2.6462,166,11.3851,445,1.8525
426th,27.3032,Marcos,Ilocos Norte,REGION I (Ilocos Region),230,5.0595,366,7.3175,408,2.5908,331,10.9585,499,1.3769
427th,27.2738,Gloria,Oriental Mindoro,REGION IV-B (MIMAROPA),95,5.6139,534,5.7483,497,2.4243,392,10.8206,374,2.6667
428th,27.2617,Lubuagan,Kalinga,CAR - Cordillera Administrative Region,503,4.2959,430,6.8684,547,2.3059,463,10.3975,306,3.3940
429th,27.2312,Ocampo,Camarines Sur,REGION V (Bicol Region),615,2.7371,520,5.9290,198,2.9192,298,11.0975,137,4.5484
430th,27.2134,Rizal (KA),Kalinga,CAR - Cordillera Administrative Region,367,4.6588,291,7.8579,394,2.6177,262,11.2799,531,0.7991
431st,27.1942,Pandan (CT),Catanduanes,REGION V (Bicol Region),546,4.0768,379,7.2386,332,2.6916,114,11.4286,463,1.7586
432nd,27.1890,Batan,Aklan,REGION VI (Western Visayas),406,4.5633,422,6.9518,448,2.5249,191,11.3658,456,1.7832
433rd,27.1586,Alcala (CG),Cagayan,REGION II (Cagayan Valley),130,5.4455,474,6.4991,123,3.1021,366,10.8765,503,1.2354
434th,27.1533,Las Navas,Northern Samar,REGION VIII (Eastern Visayas),560,3.9683,204,8.3614,544,2.3126,450,10.4529,427,2.0581
435th,27.1442,Mobo,Masbate,REGION V (Bicol Region),446,4.4494,333,7.5705,433,2.5485,595,8.8340,266,3.7418
436th,27.1330,Cabatuan (IA),Isabela,REGION II (Cagayan Valley),30,6.3960,323,7.6722,219,2.8773,568,9.4338,540,0.7537
437th,27.1089,Buenavista (QN),Quezon,REGION IV-A (CALABARZON),451,4.4384,458,6.6115,320,2.7085,43,11.5958,465,1.7547
438th,27.1072,Matnog,Sorsogon,REGION V (Bicol Region),487,4.3365,478,6.4435,229,2.8483,554,9.6366,228,3.8423
439th,27.0841,Candelaria (ZA),Zambales,REGION III (Central Luzon),243,5.0250,527,5.8652,168,2.9834,130,11.4084,452,1.8021
440th,27.0680,Malilipot,Albay,REGION V (Bicol Region),364,4.6703,137,8.7785,492,2.4347,287,11.1341,566,0.0504
441st,27.0471,Santiago (IS),Ilocos Sur,REGION I (Ilocos Region),219,5.0948,526,5.8684,273,2.7740,211,11.3551,437,1.9548
442nd,27.0377,Dumanjug,Cebu,REGION VII (Central Visayas),99,5.6039,595,4.8569,231,2.8458,451,10.4435,312,3.2876
443rd,27.0080,Kapatagan (LS),Lanao Del Sur,BARMM - Bangsamoro Autonomous Region in Muslim Mindanao,547,4.0751,416,6.9816,494,2.4311,147,11.3983,418,2.1219
444th,27.0076,San Andres (CT),Catanduanes,REGION V (Bicol Region),191,5.1741,455,6.6413,140,3.0530,418,10.6678,487,1.4714
445th,26.9686,Santol,La Union,REGION I (Ilocos Region),436,4.4695,402,7.0487,307,2.7288,428,10.6269,421,2.0947
446th,26.9373,Santa Maria (IS),Ilocos Sur,REGION I (Ilocos Region),430,4.4780,347,7.4810,154,3.0248,372,10.8656,511,1.0879
447th,26.9216,Tinoc,Ifugao,CAR - Cordillera Administrative Region,596,3.4850,274,7.9743,566,2.2118,367,10.8736,407,2.3769
448th,26.8628,Salcedo (IS),Ilocos Sur,REGION I (Ilocos Region),421,4.5199,306,7.7982,515,2.3924,459,10.4037,468,1.7486
449th,26.8113,Daram,Samar (Western Samar),REGION VIII (Eastern Visayas),488,4.3325,285,7.9183,603,1.4273,454,10.4230,372,2.7102
450th,26.8005,Magallanes (SO),Sorsogon,REGION V (Bicol Region),500,4.3193,535,5.7457,183,2.9495,170,11.3824,402,2.4036
451st,26.7483,Cuenca,Batangas,REGION IV-A (CALABARZON),35,6.2596,540,5.6929,213,2.8877,391,10.8223,514,1.0858
452nd,26.7235,Balbalan,Kalinga,CAR - Cordillera Administrative Region,483,4.3447,292,7.8571,441,2.5366,266,11.2749,552,0.7102
453rd,26.6924,Calubian,Leyte,REGION VIII (Eastern Visayas),142,5.4044,490,6.2443,118,3.1144,527,9.8641,426,2.0652
454th,26.6711,Tambulig,Zamboanga Del Sur,REGION IX (Zamboanga Peninsula),572,3.8884,375,7.2640,326,2.7040,397,10.8142,435,2.0005
455th,26.6710,Naga (ZS),Zamboanga Sibugay,REGION IX (Zamboanga Peninsula),198,5.1603,537,5.6999,317,2.7118,437,10.5807,383,2.5183
456th,26.6176,Kibungan,Benguet,CAR - Cordillera Administrative Region,396,4.5953,376,7.2508,407,2.5910,117,11.4268,540,0.7537
457th,26.6124,Balilihan,Bohol,REGION VII (Central Visayas),377,4.6407,499,6.1836,311,2.7190,273,11.2508,448,1.8183
458th,26.5584,Basista,Pangasinan,REGION I (Ilocos Region),123,5.4698,599,4.7914,285,2.7613,8,12.0499,485,1.4860
459th,26.5377,Cagwait,Surigao Del Sur,REGION XIII (Caraga),183,5.2199,463,6.5788,404,2.5941,235,11.3385,528,0.8064
460th,26.5330,Sirawai,Zamboanga Del Norte,REGION IX (Zamboanga Peninsula),326,4.7678,360,7.3735,543,2.3146,484,10.3234,466,1.7537
461st,26.4908,Candoni,Negros Occidental,REGION VI (Western Visayas),513,4.2738,318,7.6929,564,2.2226,271,11.2580,518,1.0435
462nd,26.4849,Minalabac,Camarines Sur,REGION V (Bicol Region),182,5.2226,531,5.7822,627,0.3749,153,11.3928,271,3.7124
463rd,26.4525,Bien Unido,Bohol,REGION VII (Central Visayas),481,4.3498,147,8.7302,608,1.3066,423,10.6452,493,1.4207
464th,26.4341,Kumalarang,Zamboanga Del Sur,REGION IX (Zamboanga Peninsula),512,4.2768,393,7.1277,400,2.6074,315,11.0170,494,1.4052
465th,26.3629,Payao,Zamboanga Sibugay,REGION IX (Zamboanga Peninsula),597,3.4642,572,5.1661,479,2.4551,350,10.9006,180,4.3769
466th,26.3574,Boston,Davao Oriental,REGION XI (Davao Region),536,4.1271,409,7.0278,513,2.3973,299,11.0928,474,1.7124
467th,26.3311,Sapi-An,Capiz,REGION VI (Western Visayas),506,4.2867,518,5.9369,341,2.6850,267,11.2735,416,2.1490
468th,26.3185,Pudtol,Apayao,CAR - Cordillera Administrative Region,339,4.7363,494,6.2040,430,2.5529,183,11.3711,488,1.4542
469th,26.3083,San Isidro (NS),Northern Samar,REGION VIII (Eastern Visayas),464,4.4125,423,6.9500,252,2.8009,601,8.6680,297,3.4769
470th,26.2980,Sagbayan,Bohol,REGION VII (Central Visayas),201,5.1399,629,3.9669,306,2.7299,414,10.7235,268,3.7378
471st,26.2772,Aloguinsan,Cebu,REGION VII (Central Visayas),409,4.5536,560,5.3581,337,2.6876,521,9.8992,250,3.7787
472nd,26.2659,Natonin,Mountain Province,CAR - Cordillera Administrative Region,397,4.5944,475,6.4918,461,2.4906,363,10.8813,450,1.8078
473rd,26.2535,Madamba,Lanao Del Sur,BARMM - Bangsamoro Autonomous Region in Muslim Mindanao,561,3.9572,257,8.0768,635,0.1988,244,11.3323,373,2.6884
474th,26.2118,San Agustin (SS),Surigao Del Sur,REGION XIII (Caraga),125,5.4609,465,6.5544,414,2.5840,357,10.8857,547,0.7268
475th,26.2043,Gen S.K Pendatun,Maguindanao Del Sur,BARMM - Bangsamoro Autonomous Region in Muslim Mindanao,419,4.5270,350,7.4652,416,2.5767,66,11.5171,562,0.1183
475th,26.2043,San Enrique (IO),Iloilo,REGION VI (Western Visayas),510,4.2810,470,6.5278,340,2.6851,290,11.1293,481,1.5811
476th,26.1552,Madrid,Surigao Del Sur,REGION XIII (Caraga),232,5.0459,466,6.5526,217,2.8820,343,10.9256,542,0.7491
477th,26.1526,Jaro,Leyte,REGION VIII (Eastern Visayas),348,4.7196,413,7.0071,398,2.6087,557,9.6109,412,2.2063
478th,26.1521,Matanog,Maguindanao Del Norte,BARMM - Bangsamoro Autonomous Region in Muslim Mindanao,527,4.1845,456,6.6384,411,2.5850,316,11.0123,472,1.7319
479th,26.1371,Santa Fe (CU),Cebu,REGION VII (Central Visayas),69,5.7990,373,7.2701,137,3.0592,616,7.8724,417,2.1364
480th,26.1295,Villaba,Leyte,REGION VIII (Eastern Visayas),458,4.4235,344,7.5128,596,1.6286,466,10.3899,414,2.1747
481st,26.1219,Pamplona (CS),Camarines Sur,REGION V (Bicol Region),521,4.2200,517,5.9409,279,2.7706,279,11.1932,436,1.9972
482nd,26.1095,Pamplona (NR),Negros Oriental,REGION VII (Central Visayas),242,5.0261,574,5.1418,330,2.6948,540,9.8047,300,3.4421
483rd,26.0824,Catmon,Cebu,REGION VII (Central Visayas),504,4.2940,622,4.1739,4,5.1221,458,10.4054,423,2.0870
484th,26.0324,Flora,Apayao,CAR - Cordillera Administrative Region,250,4.9858,210,8.3316,409,2.5881,574,9.3446,535,0.7823
485th,26.0186,Capalonga,Camarines Norte,REGION V (Bicol Region),433,4.4713,606,4.6616,391,2.6192,525,9.8679,173,4.3986
486th,25.9844,Anini-Y,Antique,REGION VI (Western Visayas),185,5.2190,590,4.9619,364,2.6464,576,9.3382,239,3.8189
487th,25.9367,Alilem,Ilocos Sur,REGION I (Ilocos Region),323,4.7896,264,8.0348,530,2.3484,599,8.7204,431,2.0435
488th,25.9011,Mapandan,Pangasinan,REGION I (Ilocos Region),340,4.7345,584,5.0007,240,2.8258,542,9.7996,286,3.5405
489th,25.8955,Maluso,Basilan,BARMM - Bangsamoro Autonomous Region in Muslim Mindanao,309,4.8278,522,5.9037,585,1.9677,167,11.3849,449,1.8114
490th,25.8592,Alicia (ZS),Zamboanga Sibugay,REGION IX (Zamboanga Peninsula),577,3.7622,485,6.3466,430,2.5529,393,10.8194,405,2.3781
491st,25.8369,San Isidro (LE),Leyte,REGION VIII (Eastern Visayas),189,5.1824,345,7.5089,390,2.6204,541,9.8012,548,0.7240
492nd,25.8213,Talisay (BS),Batangas,REGION IV-A (CALABARZON),579,3.7482,528,5.8452,204,2.9081,600,8.6953,118,4.6245
493rd,25.8195,Cajidiocan,Romblon,REGION IV-B (MIMAROPA),145,5.3985,565,5.2652,351,2.6658,462,10.3982,422,2.0918
494th,25.7955,Simunul,Tawi-Tawi,BARMM - Bangsamoro Autonomous Region in Muslim Mindanao,524,4.2112,351,7.4642,612,1.1467,515,9.9298,332,3.0436
495th,25.7397,Guindulman,Bohol,REGION VII (Central Visayas),216,5.1002,546,5.5959,387,2.6229,512,9.9769,394,2.4438
496th,25.7236,Maasin (IO),Iloilo,REGION VI (Western Visayas),244,5.0164,542,5.6581,443,2.5349,406,10.7823,472,1.7319
497th,25.7123,Motiong,Samar (Western Samar),REGION VIII (Eastern Visayas),494,4.3241,431,6.8596,524,2.3697,205,11.3594,530,0.7995
498th,25.7065,Balatan,Camarines Sur,REGION V (Bicol Region),176,5.2597,616,4.4465,389,2.6216,470,10.3786,336,3.0001
499th,25.7035,Toboso,Negros Occidental,REGION VI (Western Visayas),440,4.4618,514,6.0047,507,2.4097,113,11.4287,495,1.3986
500th,25.6920,Poro,Cebu,REGION VII (Central Visayas),351,4.7109,442,6.7694,203,2.9089,441,10.5517,541,0.7511
501st,25.6604,Saguiaran,Lanao Del Sur,BARMM - Bangsamoro Autonomous Region in Muslim Mindanao,408,4.5598,432,6.8520,451,2.5137,573,9.3580,407,2.3769
502nd,25.6502,Siquijor,Siquijor,REGION VII (Central Visayas),548,4.0693,521,5.9180,90,3.2162,201,11.3608,513,1.0859
503rd,25.6437,Malangas,Zamboanga Sibugay,REGION IX (Zamboanga Peninsula),400,4.5897,562,5.3133,349,2.6685,421,10.6590,400,2.4132
504th,25.6295,Malinao (AK),Aklan,REGION VI (Western Visayas),248,4.9909,608,4.6418,537,2.3267,263,11.2794,404,2.3907
505th,25.6199,Barira,Maguindanao Del Norte,BARMM - Bangsamoro Autonomous Region in Muslim Mindanao,543,4.0975,356,7.3908,472,2.4678,332,10.9536,552,0.7102
506th,25.6068,Palapag,Northern Samar,REGION VIII (Eastern Visayas),584,3.7129,342,7.5323,370,2.6417,336,10.9394,536,0.7805
507th,25.6051,Infanta (PS),Pangasinan,REGION I (Ilocos Region),131,5.4388,372,7.2733,128,3.0827,588,8.9352,523,0.8751
508th,25.5905,Mabuhay,Zamboanga Sibugay,REGION IX (Zamboanga Peninsula),380,4.6346,585,4.9975,412,2.5846,347,10.9150,390,2.4588
509th,25.5831,San Miguel (ZR),Zamboanga Del Sur,REGION IX (Zamboanga Peninsula),476,4.3671,577,5.0980,270,2.7773,75,11.4823,444,1.8584
510th,25.5757,Nunungan,Lanao Del Norte,REGION X (Northern Mindanao),610,2.9894,433,6.8501,569,2.1770,305,11.0736,388,2.4856
511th,25.5682,Quirino (IS),Ilocos Sur,REGION I (Ilocos Region),549,4.0632,407,7.0365,467,2.4779,258,11.2953,554,0.6953
512th,25.5580,Cortes (SS),Surigao Del Sur,REGION XIII (Caraga),318,4.8107,471,6.5134,469,2.4737,322,10.9848,537,0.7754
513th,25.5374,Donsol,Sorsogon,REGION V (Bicol Region),623,2.5734,348,7.4728,248,2.8047,353,10.8950,454,1.7915
514th,25.5330,Bacungan Leon B. Postigo,Zamboanga Del Norte,REGION IX (Zamboanga Peninsula),522,4.2121,346,7.5061,463,2.4869,578,9.2844,431,2.0435
515th,25.5177,Santander,Cebu,REGION VII (Central Visayas),237,5.0328,631,3.8778,104,3.1561,329,10.9633,387,2.4877
516th,25.4394,Victoria (LA),Laguna,REGION IV-A (CALABARZON),275,4.9248,637,3.5843,247,2.8095,474,10.3651,259,3.7557
517th,25.3763,Salvador Benedicto,Negros Occidental,REGION VI (Western Visayas),575,3.8004,336,7.5554,465,2.4859,402,10.7956,544,0.7390
518th,25.3624,Garchitorena,Camarines Sur,REGION V (Bicol Region),475,4.3713,387,7.1752,350,2.6671,618,7.7718,308,3.3770
519th,25.3042,Atok,Benguet,CAR - Cordillera Administrative Region,573,3.8819,489,6.2510,561,2.2455,443,10.5272,403,2.3986
520th,25.2803,Baloi,Lanao Del Norte,REGION X (Northern Mindanao),578,3.7513,288,7.8728,447,2.5270,464,10.3973,545,0.7319
521st,25.2737,Bacolod-Kalawi,Lanao Del Sur,BARMM - Bangsamoro Autonomous Region in Muslim Mindanao,566,3.9217,295,7.8484,632,0.2856,373,10.8629,409,2.3551
522nd,25.2254,Currimao,Ilocos Norte,REGION I (Ilocos Region),474,4.3714,462,6.5845,156,3.0205,460,10.4008,524,0.8482
523rd,25.1889,Kalawit,Zamboanga Del Norte,REGION IX (Zamboanga Peninsula),426,4.5095,524,5.8866,473,2.4656,341,10.9286,495,1.3986
524th,25.1802,Dumaran,Palawan,REGION IV-B (MIMAROPA),573,3.8819,365,7.3176,609,1.2246,330,10.9588,453,1.7973
525th,25.1448,Kabayan,Benguet,CAR - Cordillera Administrative Region,303,4.8431,394,7.1226,397,2.6117,535,9.8355,545,0.7319
526th,25.1218,Quirino (IA),Isabela,REGION II (Cagayan Valley),633,1.9813,408,7.0360,622,0.4611,171,11.3821,186,4.2613
527th,25.1091,Bakun,Benguet,CAR - Cordillera Administrative Region,545,4.0847,383,7.2048,563,2.2256,359,10.8838,552,0.7102
528th,25.1064,Lianga,Surigao Del Sur,REGION XIII (Caraga),308,4.8294,459,6.6022,423,2.5643,480,10.3533,539,0.7572
529th,25.0898,Godod,Zamboanga Del Norte,REGION IX (Zamboanga Peninsula),483,4.3447,476,6.4631,549,2.2983,436,10.5851,495,1.3986
530th,25.0705,Buadiposo-Buntong,Lanao Del Sur,BARMM - Bangsamoro Autonomous Region in Muslim Mindanao,562,3.9552,426,6.9229,481,2.4502,505,10.0755,480,1.6667
531st,25.0124,Pinabacdao,Samar (Western Samar),REGION VIII (Eastern Visayas),493,4.3264,553,5.4665,454,2.5055,519,9.9157,352,2.7983
532nd,24.9962,Baao,Camarines Sur,REGION V (Bicol Region),327,4.7675,555,5.4113,356,2.6585,467,10.3894,460,1.7695
533rd,24.9948,Llorente,Eastern Samar,REGION VIII (Eastern Visayas),576,3.7997,506,6.0634,617,0.9514,195,11.3636,351,2.8167
534th,24.9652,Borbon,Cebu,REGION VII (Central Visayas),514,4.2588,627,4.0129,348,2.6715,354,10.8932,324,3.1288
535th,24.9438,Hinabangan,Samar (Western Samar),REGION VIII (Eastern Visayas),502,4.3132,583,5.0036,483,2.4457,286,11.1378,431,2.0435
536th,24.8904,Panglima Sugala,Tawi-Tawi,BARMM - Bangsamoro Autonomous Region in Muslim Mindanao,554,4.0276,370,7.2988,517,2.3853,565,9.4817,476,1.6970
537th,24.8557,Dimasalang,Masbate,REGION V (Bicol Region),624,2.5430,547,5.5620,310,2.7200,553,9.6538,180,4.3769
538th,24.8024,Bobon,Northern Samar,REGION VIII (Eastern Visayas),551,4.0415,437,6.7944,525,2.3645,614,7.8918,275,3.7102
539th,24.8001,Ditsaan-Ramain,Lanao Del Sur,BARMM - Bangsamoro Autonomous Region in Muslim Mindanao,542,4.1071,495,6.1976,446,2.5287,518,9.9173,429,2.0494
540th,24.7987,Olutanga,Zamboanga Sibugay,REGION IX (Zamboanga Peninsula),445,4.4544,561,5.3305,374,2.6369,419,10.6667,475,1.7102
541st,24.7281,Balangiga,Eastern Samar,REGION VIII (Eastern Visayas),403,4.5677,424,6.9490,262,2.7881,610,8.3690,428,2.0543
542nd,24.7070,San Emilio,Ilocos Sur,REGION I (Ilocos Region),552,4.0375,234,8.2057,556,2.2679,607,8.5280,479,1.6679
543rd,24.6923,Sibunag,Guimaras,REGION VI (Western Visayas),359,4.6855,443,6.7514,598,1.5880,446,10.4768,505,1.1906
544th,24.6827,Buldon,Maguindanao Del Norte,BARMM - Bangsamoro Autonomous Region in Muslim Mindanao,598,3.3625,449,6.6913,458,2.4947,141,11.4023,545,0.7319
545th,24.6798,Tukuran,Zamboanga Del Sur,REGION IX (Zamboanga Peninsula),114,5.5292,460,6.6004,275,2.7731,548,9.7497,569,0.0274
546th,24.6782,Milaor,Camarines Sur,REGION V (Bicol Region),256,4.9713,261,8.0644,640,0.0000,590,8.9069,364,2.7356
547th,24.6521,San Agustin (IA),Isabela,REGION II (Cagayan Valley),383,4.6239,389,7.1666,588,1.9140,362,10.8817,564,0.0659
548th,24.5984,Baleno,Masbate,REGION V (Bicol Region),538,4.1241,575,5.1250,453,2.5082,546,9.7540,328,3.0871
549th,24.5723,Pantao Ragat,Lanao Del Norte,REGION X (Northern Mindanao),608,3.0503,427,6.9058,565,2.2179,212,11.3548,518,1.0435
550th,24.5193,Lope De Vega,Northern Samar,REGION VIII (Eastern Visayas),517,4.2490,596,4.8458,516,2.3894,485,10.3200,369,2.7151
551st,24.4771,Jabonga,Agusan Del Norte,REGION XIII (Caraga),329,4.7649,438,6.7927,363,2.6502,563,9.5219,543,0.7474
552nd,24.4345,Cuyo,Palawan,REGION IV-B (MIMAROPA),424,4.5138,558,5.3637,242,2.8231,335,10.9416,532,0.7923
553rd,24.3447,Babatngon,Leyte,REGION VIII (Eastern Visayas),558,3.9923,364,7.3314,522,2.3733,561,9.5558,509,1.0919
554th,24.3258,Talayan,Maguindanao Del Sur,BARMM - Bangsamoro Autonomous Region in Muslim Mindanao,537,4.1242,371,7.2939,571,2.1445,508,10.0520,551,0.7112
555th,24.2557,Placer (SN),Surigao Del Norte,REGION XIII (Caraga),231,5.0545,621,4.1752,186,2.9339,486,10.3151,459,1.7770
556th,24.2344,Poona Bayabao,Lanao Del Sur,BARMM - Bangsamoro Autonomous Region in Muslim Mindanao,587,3.6462,469,6.5422,579,2.0801,558,9.6076,408,2.3583
557th,24.1809,Libacao,Aklan,REGION VI (Western Visayas),461,4.4209,487,6.2756,600,1.5202,435,10.5856,498,1.3786
558th,24.1477,Pilar (CZ),Capiz,REGION VI (Western Visayas),593,3.5601,404,7.0406,502,2.4158,575,9.3397,454,1.7915
559th,24.1244,Pio Duran,Albay,REGION V (Bicol Region),639,1.6027,434,6.8099,372,2.6408,140,11.4026,478,1.6684
560th,24.1021,Tarangnan,Samar (Western Samar),REGION VIII (Eastern Visayas),592,3.5695,453,6.6560,289,2.7586,469,10.3861,545,0.7319
561st,24.0874,Lumban,Laguna,REGION IV-A (CALABARZON),322,4.7931,557,5.3775,102,3.1625,438,10.5666,560,0.1877
562nd,24.0607,Carrascal,Surigao Del Sur,REGION XIII (Caraga),174,5.2678,569,5.2104,602,1.4522,144,11.4011,546,0.7292
563rd,24.0342,Laur,Nueva Ecija,REGION III (Central Luzon),442,4.4611,532,5.7641,581,2.0353,572,9.3673,401,2.4064
564th,23.9924,Lopez Jaena,Misamis Occidental,REGION X (Northern Mindanao),384,4.6121,613,4.5132,342,2.6846,493,10.2843,438,1.8982
565th,23.9548,San Enrique (NO),Negros Occidental,REGION VI (Western Visayas),186,5.2143,623,4.1536,366,2.6461,410,10.7623,506,1.1785
566th,23.9079,Santa Fe (NV),Nueva Vizcaya,REGION II (Cagayan Valley),465,4.4095,504,6.0759,296,2.7471,581,9.2481,490,1.4273
567th,23.8804,Marogong,Lanao Del Sur,BARMM - Bangsamoro Autonomous Region in Muslim Mindanao,569,3.9114,403,7.0466,615,1.0377,605,8.5498,311,3.3349
568th,23.7969,Del Gallego,Camarines Sur,REGION V (Bicol Region),591,3.6235,441,6.7724,584,1.9889,587,8.9545,391,2.4576
569th,23.7913,San Jacinto (MS),Masbate,REGION V (Bicol Region),539,4.1230,633,3.8472,216,2.8826,353,10.8950,431,2.0435
570th,23.6830,Hamtic,Antique,REGION VI (Western Visayas),640,1.5645,505,6.0705,597,1.6096,476,10.3621,198,4.0763
571st,23.6534,Santa Margarita,Samar (Western Samar),REGION VIII (Eastern Visayas),492,4.3287,545,5.5977,629,0.3216,477,10.3618,332,3.0436
572nd,23.5625,Jose Dalman,Zamboanga Del Norte,REGION IX (Zamboanga Peninsula),590,3.6254,609,4.6120,476,2.4609,400,10.7989,425,2.0653
573rd,23.5493,Santo Tomas (IA),Isabela,REGION II (Cagayan Valley),635,1.7900,77,9.2154,633,0.2529,495,10.2681,434,2.0229
574th,23.5473,Mapun,Tawi-Tawi,BARMM - Bangsamoro Autonomous Region in Muslim Mindanao,601,3.2900,512,6.0340,521,2.3762,504,10.0836,461,1.7635
575th,23.4846,Burdeos,Quezon,REGION IV-A (CALABARZON),525,4.1911,576,5.0984,261,2.7896,200,11.3610,567,0.0445
576th,23.4787,Carmen (CU),Cebu,REGION VII (Central Visayas),116,5.5261,634,3.7685,35,3.6783,502,10.1580,558,0.3478
577th,23.4443,Jimalalud,Negros Oriental,REGION VII (Central Visayas),580,3.7454,567,5.2454,460,2.4907,593,8.8757,328,3.0871
578th,23.4322,Canaman,Camarines Sur,REGION V (Bicol Region),643,1.0804,513,6.0267,477,2.4572,404,10.7838,330,3.0841
579th,23.4193,Baliguian,Zamboanga Del Norte,REGION IX (Zamboanga Peninsula),606,3.2619,382,7.2091,462,2.4882,622,7.3731,329,3.0870
580th,23.3950,Sarangani,Davao Occidental,REGION XI (Davao Region),519,4.2274,617,4.3856,587,1.9384,289,11.1334,475,1.7102
581st,23.3299,Buluan,Maguindanao Del Sur,BARMM - Bangsamoro Autonomous Region in Muslim Mindanao,481,4.3498,551,5.4863,512,2.3991,482,10.3352,538,0.7595
582nd,23.2939,Abulug,Cagayan,REGION II (Cagayan Valley),92,5.6380,635,3.6888,108,3.1454,510,10.0173,529,0.8044
583rd,23.2422,Barotac Viejo,Iloilo,REGION VI (Western Visayas),557,4.0022,337,7.5550,624,0.4256,621,7.4192,230,3.8402
584th,23.1484,Lemery (IO),Iloilo,REGION VI (Western Visayas),349,4.7166,479,6.4290,576,2.1159,544,9.7713,563,0.1156
585th,23.1270,Taft,Eastern Samar,REGION VIII (Eastern Visayas),523,4.2118,452,6.6705,619,0.6810,597,8.7883,356,2.7754
586th,23.0971,Tanudan,Kalinga,CAR - Cordillera Administrative Region,361,4.6780,593,4.8788,527,2.3599,449,10.4633,550,0.7171
587th,23.0644,Culasi,Antique,REGION VI (Western Visayas),622,2.5807,603,4.7006,51,3.4541,358,10.8852,489,1.4438
588th,22.9189,Malitbog (SL),Southern Leyte,REGION VIII (Eastern Visayas),571,3.8919,435,6.8053,378,2.6315,559,9.5902,573,0.0000
589th,22.8908,Tabuelan,Cebu,REGION VII (Central Visayas),574,3.8378,628,4.0003,180,2.9563,475,10.3645,472,1.7319
590th,22.8670,Lumbayanague,Lanao Del Sur,BARMM - Bangsamoro Autonomous Region in Muslim Mindanao,570,3.9078,477,6.4491,532,2.3410,566,9.4807,556,0.6884
591st,22.8483,Munai,Lanao Del Norte,REGION X (Northern Mindanao),555,4.0212,543,5.6380,533,2.3398,398,10.8058,568,0.0435
592nd,22.8291,Paluan,Occidental Mindoro,REGION IV-B (MIMAROPA),515,4.2578,619,4.2165,558,2.2639,173,11.3807,552,0.7102
593rd,22.7008,Luuk,Sulu,BARMM - Bangsamoro Autonomous Region in Muslim Mindanao,588,3.6457,491,6.2083,523,2.3714,570,9.3884,512,1.0870
594th,22.6760,Asturias,Cebu,REGION VII (Central Visayas),238,5.0327,607,4.6596,623,0.4313,100,11.4484,508,1.1040
595th,22.6743,Tabango,Leyte,REGION VIII (Eastern Visayas),429,4.4819,579,5.0448,618,0.8049,494,10.2774,425,2.0653
596th,22.6059,Uson,Masbate,REGION V (Bicol Region),634,1.8459,392,7.1369,505,2.4119,598,8.7691,395,2.4421
597th,22.5261,Binidayan,Lanao Del Sur,BARMM - Bangsamoro Autonomous Region in Muslim Mindanao,563,3.9420,618,4.2343,504,2.4122,591,8.8940,332,3.0436
598th,22.4948,Sapa-Sapa,Tawi-Tawi,BARMM - Bangsamoro Autonomous Region in Muslim Mindanao,564,3.9414,503,6.0837,614,1.0454,583,9.0470,406,2.3773
599th,22.4694,Don Victoriano Chiongbian,Misamis Occidental,REGION X (Northern Mindanao),541,4.1099,586,4.9951,468,2.4745,412,10.7428,561,0.1471
600th,22.4540,Araceli,Palawan,REGION IV-B (MIMAROPA),535,4.1380,525,5.8724,606,1.3895,317,11.0106,568,0.0435
601st,22.4534,Mondragon,Northern Samar,REGION VIII (Eastern Visayas),581,3.7374,570,5.1886,361,2.6506,612,8.1449,366,2.7319
602nd,22.4010,Palanas,Masbate,REGION V (Bicol Region),387,4.6078,592,4.8834,346,2.6729,617,7.8600,407,2.3769
603rd,22.3552,San Remigio (AE),Antique,REGION VI (Western Visayas),420,4.5260,610,4.5771,535,2.3319,606,8.5433,407,2.3769
604th,22.3404,Silvino Lobos,Northern Samar,REGION VIII (Eastern Visayas),603,3.2754,502,6.1062,514,2.3959,523,9.8732,555,0.6897
605th,22.2927,San Jose De Buan,Samar (Western Samar),REGION VIII (Eastern Visayas),585,3.7090,573,5.1469,568,2.1873,524,9.8705,497,1.3790
606th,22.2902,Tabina,Zamboanga Del Sur,REGION IX (Zamboanga Peninsula),371,4.6514,582,5.0248,482,2.4495,582,9.1170,516,1.0475
607th,22.2897,Mabini (PS),Pangasinan,REGION I (Ilocos Region),393,4.6002,604,4.6758,257,2.7948,567,9.4435,537,0.7754
608th,22.2071,Juban,Sorsogon,REGION V (Bicol Region),645,1.0298,467,6.5522,594,1.6532,431,10.6247,410,2.3472
609th,22.1998,San Jacinto (PS),Pangasinan,REGION I (Ilocos Region),168,5.2904,581,5.0259,227,2.8546,596,8.8029,559,0.2260
610th,22.1503,Manito,Albay,REGION V (Bicol Region),612,2.8900,600,4.7512,578,2.1019,197,11.3620,517,1.0452
611th,22.0756,Jovellar,Albay,REGION V (Bicol Region),638,1.7160,417,6.9647,552,2.2925,571,9.3832,473,1.7192
612th,22.0671,Valladolid,Negros Occidental,REGION VI (Western Visayas),626,2.4114,594,4.8666,396,2.6128,545,9.7559,399,2.4204
613th,21.8863,Lubang,Occidental Mindoro,REGION IV-B (MIMAROPA),320,4.8042,615,4.4806,472,2.4678,569,9.4157,549,0.7180
614th,21.8637,Mabini (BL),Bohol,REGION VII (Central Visayas),195,5.1648,591,4.9478,434,2.5477,625,7.1164,423,2.0870
615th,21.6913,Casiguran (SO),Sorsogon,REGION V (Bicol Region),582,3.7332,587,4.9944,599,1.5823,479,10.3574,519,1.0240
616th,21.5993,Bulusan,Sorsogon,REGION V (Bicol Region),621,2.6064,580,5.0325,621,0.4630,292,11.1205,407,2.3769
617th,21.3894,Dagami,Leyte,REGION VIII (Eastern Visayas),529,4.1715,563,5.2942,534,2.3364,615,7.8771,475,1.7102
618th,21.3499,South Ubian,Tawi-Tawi,BARMM - Bangsamoro Autonomous Region in Muslim Mindanao,528,4.1757,568,5.2414,595,1.6344,580,9.2549,518,1.0435
619th,20.9127,Rapu-Rapu,Albay,REGION V (Bicol Region),550,4.0519,644,2.9708,455,2.5025,552,9.6556,472,1.7319
620th,20.9100,Capoocan,Leyte,REGION VIII (Eastern Visayas),642,1.2355,620,4.2100,175,2.9657,608,8.3973,196,4.1015
621st,20.8379,Tibiao,Antique,REGION VI (Western Visayas),531,4.1645,556,5.4091,628,0.3232,629,6.6075,183,4.3336
622nd,20.8036,Siruma,Camarines Sur,REGION V (Bicol Region),648,0.5760,538,5.6970,545,2.3068,532,9.8469,407,2.3769
623rd,20.6702,Matag-Ob,Leyte,REGION VIII (Eastern Visayas),405,4.5652,554,5.4373,613,1.0713,592,8.8862,552,0.7102
624th,20.4060,Mulondo,Lanao Del Sur,BARMM - Bangsamoro Autonomous Region in Muslim Mindanao,600,3.3365,548,5.5317,360,2.6507,594,8.8654,572,0.0217
625th,20.2007,Kapai,Lanao Del Sur,BARMM - Bangsamoro Autonomous Region in Muslim Mindanao,602,3.2886,488,6.2542,631,0.2881,584,9.0364,501,1.3334
626th,19.8266,Bato (CS),Camarines Sur,REGION V (Bicol Region),644,1.0314,611,4.5581,432,2.5506,455,10.4126,502,1.2739
627th,19.7557,Calayan,Cagayan,REGION II (Cagayan Valley),61,5.8702,638,3.4808,357,2.6550,627,6.8227,522,0.9270
628th,19.7068,Bacong,Negros Oriental,REGION VII (Central Visayas),343,4.7308,624,4.0675,316,2.7127,623,7.3717,526,0.8241
629th,19.6590,Ballesteros,Cagayan,REGION II (Cagayan Valley),304,4.8405,640,3.2231,245,2.8207,619,7.6359,507,1.1388
630th,19.6520,President Roxas (CZ),Capiz,REGION VI (Western Visayas),636,1.7261,588,4.9860,405,2.5923,556,9.6157,545,0.7319
631st,19.5462,Pio V Corpuz,Masbate,REGION V (Bicol Region),637,1.7238,614,4.5101,474,2.4625,539,9.8063,518,1.0435
632nd,19.3550,Tayasan,Negros Oriental,REGION VII (Central Visayas),457,4.4238,648,2.2956,340,2.6851,624,7.1534,353,2.7971
633rd,19.3355,Magarao,Camarines Sur,REGION V (Bicol Region),649,0.5124,605,4.6726,540,2.3195,389,10.8310,521,1.0000
634th,19.2644,Picong,Lanao Del Sur,BARMM - Bangsamoro Autonomous Region in Muslim Mindanao,604,3.2672,589,4.9638,574,2.1201,620,7.5582,500,1.3551
635th,18.9586,Tagoloan II,Lanao Del Sur,BARMM - Bangsamoro Autonomous Region in Muslim Mindanao,568,3.9164,625,4.0295,636,0.1916,628,6.8210,207,4.0001
636th,18.8499,Tubaran,Lanao Del Sur,BARMM - Bangsamoro Autonomous Region in Muslim Mindanao,567,3.9177,566,5.2593,586,1.9523,626,7.0161,553,0.7045
637th,18.7463,Monreal,Masbate,REGION V (Bicol Region),609,3.0333,559,5.3624,616,1.0037,632,5.6150,270,3.7319
638th,18.7326,Ganassi,Lanao Del Sur,BARMM - Bangsamoro Autonomous Region in Muslim Mindanao,605,3.2623,612,4.5359,630,0.3145,589,8.9313,477,1.6886
639th,18.1726,R.T. Lim,Zamboanga Sibugay,REGION IX (Zamboanga Peninsula),599,3.3545,636,3.5983,417,2.5755,603,8.6226,572,0.0217
640th,18.1347,Poona Piagapo,Lanao Del Norte,REGION X (Northern Mindanao),617,2.6384,626,4.0170,625,0.4135,511,10.0006,515,1.0652
641st,17.9807,Lantawan,Basilan,BARMM - Bangsamoro Autonomous Region in Muslim Mindanao,586,3.6827,642,3.0462,562,2.2305,586,8.9561,565,0.0652
642nd,17.8359,Ma-Ayon,Capiz,REGION VI (Western Visayas),650,0.3358,632,3.8537,557,2.2640,602,8.6314,361,2.7510
643rd,16.7919,Madalum,Lanao Del Sur,BARMM - Bangsamoro Autonomous Region in Muslim Mindanao,619,2.6251,646,2.9126,567,2.2017,585,9.0307,571,0.0218
644th,16.3880,Malabang,Lanao Del Sur,BARMM - Bangsamoro Autonomous Region in Muslim Mindanao,607,3.1408,641,3.1322,626,0.3785,611,8.3379,495,1.3986
645th,16.2263,Balud,Masbate,REGION V (Bicol Region),613,2.8332,653,0.0539,428,2.5582,407,10.7810,573,0.0000
646th,15.3565,Madalag,Aklan,REGION VI (Western Visayas),631,2.0262,652,0.5608,491,2.4360,491,10.2900,568,0.0435
647th,15.1351,San Jorge,Samar (Western Samar),REGION VIII (Eastern Visayas),594,3.5390,639,3.2523,634,0.2113,631,6.0221,420,2.1104
648th,14.9620,Indanan,Sulu,BARMM - Bangsamoro Autonomous Region in Muslim Mindanao,616,2.6937,578,5.0762,572,2.1315,638,0.0171,102,5.0435
649th,14.8660,Claveria (MS),Masbate,REGION V (Bicol Region),641,1.5573,643,3.0360,593,1.7613,630,6.1345,407,2.3769
650th,12.3290,Santa Elena,Camarines Norte,REGION V (Bicol Region),647,0.6089,598,4.7945,638,0.1690,633,5.0464,475,1.7102
651st,12.0283,Old Panamao,Sulu,BARMM - Bangsamoro Autonomous Region in Muslim Mindanao,614,2.7735,630,3.8846,538,2.3265,634,3.0220,572,0.0217
653rd,7.8685,Tongkil,Sulu,BARMM - Bangsamoro Autonomous Region in Muslim Mindanao,625,2.4568,647,2.4611,601,1.4911,636,1.4595,573,0.0000
654th,5.6631,Pangutaran,Sulu,BARMM - Bangsamoro Autonomous Region in Muslim Mindanao,630,2.1930,649,2.0285,604,1.4137,639,0.0026,570,0.0253
655th,4.4068,Patikul,Sulu,BARMM - Bangsamoro Autonomous Region in Muslim Mindanao,627,2.3912,650,1.5000,637,0.1822,637,0.3334,573,0.0000
656th,4.1765,Pandami,Sulu,BARMM - Bangsamoro Autonomous Region in Muslim Mindanao,651,0.0279,645,2.9148,611,1.2167,638,0.0171,573,0.0000
657th,2.9231,Tipo-Tipo,Basilan,BARMM - Bangsamoro Autonomous Region in Muslim Mindanao,632,2.0000,651,0.9231,640,0.0000,640,0.0000,573,0.0000
