1st,42.5147,Taytay (RL),Rizal,REGION IV-A (CALABARZON),2,8.3623,18,8.5148,7,4.5510,3,13.1940,4,7.8926
2nd,41.4428,Baliwag,Bulacan,REGION III (Central Luzon),8,6.9120,4,9.2506,6,4.5665,4,13.0196,7,7.6941
3rd,39.7123,Cainta,Rizal,REGION IV-A (CALABARZON),1,9.7713,30,8.3089,3,4.7182,35,11.9814,140,4.9325
4th,39.3832,San Mateo (RL),Rizal,REGION IV-A (CALABARZON),21,5.8793,12,8.5580,8,4.1608,1,14.9440,63,5.8411
5th,39.2431,Binangonan,Rizal,REGION IV-A (CALABARZON),6,7.2241,56,8.1493,10,4.0944,7,12.7595,40,7.0158
6th,38.6701,Angono,Rizal,REGION IV-A (CALABARZON),20,5.9717,29,8.3220,1,4.8231,20,12.2254,15,7.3279
7th,38.3210,Carmona,Cavite,REGION IV-A (CALABARZON),7,7.2161,8,8.7174,32,3.1849,53,11.7516,10,7.4510
8th,37.3149,Kalibo,Aklan,REGION VI (Western Visayas),4,7.3780,93,7.9713,18,3.5007,203,11.3965,35,7.0684
9th,36.7042,Pozorrubio,Pangasinan,REGION I (Ilocos Region),116,4.6991,1,12.2907,45,2.9528,68,11.6851,126,5.0765
10th,36.6620,Mangaldan,Pangasinan,REGION I (Ilocos Region),11,6.6319,46,8.1895,114,2.5390,28,12.0238,20,7.2778
11th,36.5768,Lambunao,Iloilo,REGION VI (Western Visayas),332,4.0407,25,8.3458,4,4.6696,253,11.3599,3,8.1608
12th,36.4616,Silang,Cavite,REGION IV-A (CALABARZON),9,6.9020,79,8.0260,11,3.9874,15,12.3369,100,5.2093
13th,36.3390,Pantukan,Davao De Oro,REGION XI (Davao Region),83,4.9024,81,8.0152,41,2.9916,278,11.3382,2,9.0916
14th,36.2996,Argao,Cebu,REGION VII (Central Visayas),149,4.5346,72,8.0478,61,2.8102,128,11.4767,1,9.4303
15th,35.8285,Midsayap,Cotabato (North Cotabato),REGION XII (Soccsksargen),31,5.5445,164,7.7093,21,3.4508,26,12.0432,33,7.0807
16th,35.6756,Kabacan,Cotabato (North Cotabato),REGION XII (Soccsksargen),37,5.2942,155,7.7462,24,3.3853,5,12.9080,55,6.3419
17th,35.6603,Talavera,Nueva Ecija,REGION III (Central Luzon),68,4.9859,98,7.9608,12,3.7870,60,11.7306,25,7.1960
18th,35.6558,Maramag,Bukidnon,REGION X (Northern Mindanao),50,5.1376,15,8.5473,73,2.7250,104,11.5205,6,7.7254
19th,35.5252,Santa Maria (BU),Bulacan,REGION III (Central Luzon),5,7.2912,50,8.1654,9,4.0957,114,11.5089,177,4.4640
20th,35.4805,Bay,Laguna,REGION IV-A (CALABARZON),16,6.2738,49,8.1733,132,2.4923,224,11.3808,27,7.1603
21st,35.3527,Carmen (DN),Davao Del Norte,REGION XI (Davao Region),118,4.6944,10,8.5825,37,3.1298,16,12.2919,42,6.6541
22nd,35.3461,San Jose (OM),Occidental Mindoro,REGION IV-B (MIMAROPA),27,5.6180,135,7.8363,19,3.4921,25,12.0670,56,6.3327
23rd,35.2630,Malita,Davao Occidental,REGION XI (Davao Region),23,5.7313,118,7.8925,242,2.2414,22,12.1525,21,7.2453
24th,35.2578,Morong (RL),Rizal,REGION IV-A (CALABARZON),81,4.9053,36,8.2653,40,3.0573,162,11.4358,8,7.5941
25th,35.0617,Sariaya,Quezon,REGION IV-A (CALABARZON),47,5.1712,38,8.2588,59,2.8153,106,11.5198,17,7.2966
26th,35.0122,Marilao,Bulacan,REGION III (Central Luzon),14,6.4141,186,7.6273,23,3.4301,86,11.5829,59,5.9578
27th,34.9932,Bansalan,Davao Del Sur,REGION XI (Davao Region),257,4.2137,34,8.2814,66,2.7766,9,12.4397,19,7.2818
28th,34.9264,Nabunturan,Davao De Oro,REGION XI (Davao Region),35,5.3047,129,7.8522,68,2.7684,71,11.6727,14,7.3284
29th,34.8706,Malay,Aklan,REGION VI (Western Visayas),91,4.8370,48,8.1822,5,4.6568,31,12.0085,107,5.1861
30th,34.7971,Guiguinto (BU),Bulacan,REGION III (Central Luzon),17,6.2434,22,8.4527,34,3.1684,101,11.5313,80,5.4013
31st,34.7524,Liloan (CU),Cebu,REGION VII (Central Visayas),34,5.3309,208,7.5398,130,2.4950,33,11.9936,13,7.3931
32nd,34.6601,Isulan,Sultan Kudarat,REGION XII (Soccsksargen),29,5.5546,122,7.8838,30,3.2270,14,12.3463,68,5.6484
33rd,34.6367,Daet,Camarines Norte,REGION V (Bicol Region),3,7.6555,317,7.0127,14,3.6550,473,9.5502,41,6.7633
34th,34.5580,Dinalupihan,Bataan,REGION III (Central Luzon),71,4.9771,71,8.0659,43,2.9673,285,11.3305,23,7.2172
35th,34.5328,Lingayen,Pangasinan,REGION I (Ilocos Region),84,4.8920,55,8.1574,15,3.5654,29,12.0220,61,5.8960
36th,34.1961,Polomolok,South Cotabato,REGION XII (Soccsksargen),10,6.6551,187,7.6184,35,3.1656,88,11.5677,104,5.1893
37th,34.1415,Moncada,Tarlac,REGION III (Central Luzon),324,4.0628,2,10.4377,401,1.9271,284,11.3306,52,6.3833
38th,34.0922,Polangui,Albay,REGION V (Bicol Region),194,4.3812,5,9.1566,88,2.6513,228,11.3766,46,6.5265
39th,34.0864,San Francisco (AS),Agusan Del Sur,REGION XIII (Caraga),45,5.2007,191,7.6021,76,2.7142,320,11.2854,18,7.2840
40th,34.0726,Mulanay,Quezon,REGION IV-A (CALABARZON),217,4.3199,90,7.9752,383,1.9664,2,13.4194,50,6.3917
41st,33.9728,Boac,Marinduque,REGION IV-B (MIMAROPA),104,4.7462,159,7.7220,103,2.5859,273,11.3467,9,7.5720
42nd,33.9578,Lopez,Quezon,REGION IV-A (CALABARZON),57,5.1028,62,8.1183,85,2.6645,117,11.5030,44,6.5692
43rd,33.8996,San Rafael (BU),Bulacan,REGION III (Central Luzon),147,4.5503,90,7.9752,80,2.6922,143,11.4550,22,7.2269
44th,33.8720,Limay,Bataan,REGION III (Central Luzon),15,6.4086,20,8.4918,169,2.3819,132,11.4727,121,5.1170
45th,33.8395,Bayambang,Pangasinan,REGION I (Ilocos Region),113,4.7114,16,8.5306,70,2.7515,11,12.4110,77,5.4350
46th,33.7890,Alabel,Sarangani,REGION XII (Soccsksargen),111,4.7137,37,8.2651,33,3.1792,17,12.2559,86,5.3751
47th,33.7373,Cabatuan (IO),Iloilo,REGION VI (Western Visayas),175,4.4420,89,7.9797,125,2.5078,83,11.5988,24,7.2090
48th,33.7060,Tanza,Cavite,REGION IV-A (CALABARZON),12,6.6048,44,8.2056,22,3.4327,387,10.7556,148,4.7073
49th,33.6232,Odiongan,Romblon,REGION IV-B (MIMAROPA),43,5.2070,80,8.0186,81,2.6900,170,11.4268,57,6.2808
50th,33.6228,Loreto (AS),Agusan Del Sur,REGION XIII (Caraga),376,3.9565,9,8.6155,275,2.1943,187,11.4056,11,7.4509
51st,33.5960,Santa Barbara (IO),Iloilo,REGION VI (Western Visayas),133,4.6175,46,8.1895,77,2.6997,113,11.5097,43,6.5796
52nd,33.4100,Candelaria (QN),Quezon,REGION IV-A (CALABARZON),32,5.4342,78,8.0282,17,3.5218,54,11.7467,149,4.6791
53rd,33.2985,Cabiao,Nueva Ecija,REGION III (Central Luzon),158,4.4860,61,8.1198,236,2.2541,351,10.9998,12,7.4388
54th,33.2897,Bani,Pangasinan,REGION I (Ilocos Region),355,4.0052,54,8.1587,413,1.8978,181,11.4092,5,7.8188
55th,33.1313,Malungon,Sarangani,REGION XII (Soccsksargen),115,4.7060,172,7.6746,47,2.9428,10,12.4323,85,5.3756
56th,33.1214,Parang (MA),Maguindanao Del Norte,BARMM - Bangsamoro Autonomous Region in Muslim Mindanao,275,4.1857,142,7.8036,142,2.4610,276,11.3438,16,7.3273
57th,33.1123,Rosario (LU),La Union,REGION I (Ilocos Region),86,4.8770,47,8.1873,116,2.5342,12,12.4078,123,5.1060
58th,33.0963,Maragusan,Davao De Oro,REGION XI (Davao Region),94,4.8313,234,7.4529,223,2.2734,146,11.4530,32,7.0857
59th,32.9907,Bacnotan,La Union,REGION I (Ilocos Region),247,4.2299,7,8.8494,190,2.3468,21,12.2125,88,5.3521
60th,32.9554,Tupi,South Cotabato,REGION XII (Soccsksargen),186,4.4123,182,7.6358,188,2.3503,99,11.5356,39,7.0214
61st,32.8417,Sablayan,Occidental Mindoro,REGION IV-B (MIMAROPA),166,4.4595,13,8.5515,90,2.6469,38,11.9548,98,5.2290
62nd,32.8206,Pulilan,Bulacan,REGION III (Central Luzon),42,5.2143,183,7.6333,58,2.8221,36,11.9729,108,5.1780
63rd,32.7814,Teresa,Rizal,REGION IV-A (CALABARZON),170,4.4491,250,7.3754,151,2.4271,216,11.3862,29,7.1436
63rd,32.7814,Kapalong,Davao Del Norte,REGION XI (Davao Region),38,5.2729,40,8.2355,157,2.4077,192,11.4014,72,5.4639
64th,32.7699,Monkayo,Davao De Oro,REGION XI (Davao Region),137,4.6109,197,7.5849,170,2.3781,61,11.7241,47,6.4719
65th,32.7122,Santa Cruz (LA),Laguna,REGION IV-A (CALABARZON),36,5.3001,231,7.4572,20,3.4812,147,11.4516,137,5.0221
66th,32.6816,Tigbauan,Iloilo,REGION VI (Western Visayas),183,4.4152,151,7.7522,49,2.9364,37,11.9601,69,5.6177
67th,32.6766,Victoria (TC),Tarlac,REGION III (Central Luzon),168,4.4546,178,7.6502,348,2.0407,259,11.3555,26,7.1756
68th,32.6309,Loon,Bohol,REGION VII (Central Visayas),251,4.2232,204,7.5528,189,2.3487,141,11.4595,36,7.0467
69th,32.6015,Bauang,La Union,REGION I (Ilocos Region),76,4.9383,51,8.1626,195,2.3349,32,11.9944,111,5.1713
70th,32.5670,Orani,Bataan,REGION III (Central Luzon),106,4.7415,110,7.9141,97,2.6110,262,11.3535,60,5.9469
71st,32.5356,Calasiao,Pangasinan,REGION I (Ilocos Region),87,4.8706,52,8.1611,46,2.9494,30,12.0089,161,4.5456
72nd,32.4492,Daraga,Albay,REGION V (Bicol Region),19,6.0573,360,6.6666,53,2.8734,164,11.4355,78,5.4164
73rd,32.3871,Surallah,South Cotabato,REGION XII (Soccsksargen),90,4.8601,157,7.7329,60,2.8148,55,11.7456,97,5.2337
74th,32.3864,Palompon,Leyte,REGION VIII (Eastern Visayas),240,4.2418,266,7.3233,204,2.3230,242,11.3689,30,7.1294
75th,32.3784,Cabagan,Isabela,REGION II (Cagayan Valley),354,4.0064,42,8.2252,119,2.5230,230,11.3756,58,6.2482
76th,32.3080,Tagudin,Ilocos Sur,REGION I (Ilocos Region),285,4.1519,24,8.3469,210,2.2985,19,12.2283,91,5.2824
77th,32.2876,Rosario (CE),Cavite,REGION IV-A (CALABARZON),41,5.2215,275,7.2630,50,2.9141,79,11.6215,93,5.2675
78th,32.2352,Makilala,Cotabato (North Cotabato),REGION XII (Soccsksargen),307,4.1019,165,7.7070,241,2.2420,78,11.6233,45,6.5610
79th,32.1796,Plaridel (BU),Bulacan,REGION III (Central Luzon),60,5.0728,64,8.1159,233,2.2602,72,11.6724,129,5.0583
80th,32.1783,San Juan (LU),La Union,REGION I (Ilocos Region),182,4.4158,27,8.3318,270,2.2063,23,12.1426,125,5.0818
81st,32.1679,Villasis,Pangasinan,REGION I (Ilocos Region),153,4.5223,35,8.2728,232,2.2603,70,11.6750,75,5.4375
82nd,32.0747,Pililla,Rizal,REGION IV-A (CALABARZON),216,4.3227,67,8.1009,98,2.6102,44,11.8316,100,5.2093
83rd,32.0489,Naguilian (LU),La Union,REGION I (Ilocos Region),169,4.4539,14,8.5490,312,2.1311,47,11.7967,118,5.1182
84th,31.9433,Guimba,Nueva Ecija,REGION III (Central Luzon),67,5.0018,106,7.9212,110,2.5604,213,11.3873,127,5.0726
85th,31.9310,Pavia,Iloilo,REGION VI (Western Visayas),79,4.9221,179,7.6489,100,2.5907,237,11.3706,81,5.3987
86th,31.8517,Gumaca,Quezon,REGION IV-A (CALABARZON),122,4.6683,126,7.8725,94,2.6196,108,11.5165,110,5.1748
87th,31.8355,Claver,Surigao Del Norte,REGION XIII (Caraga),92,4.8333,17,8.5262,185,2.3571,87,11.5710,159,4.5479
88th,31.8162,Basey,Samar (Western Samar),REGION VIII (Eastern Visayas),439,3.8026,74,8.0372,281,2.1869,236,11.3710,49,6.4185
89th,31.7943,Bongabong,Oriental Mindoro,REGION IV-B (MIMAROPA),211,4.3410,28,8.3263,16,3.5353,346,11.0598,162,4.5319
90th,31.7672,Antipas,Cotabato (North Cotabato),REGION XII (Soccsksargen),173,4.4456,209,7.5395,300,2.1512,52,11.7641,62,5.8668
91st,31.7553,San Nicolas (IN),Ilocos Norte,REGION I (Ilocos Region),48,5.1669,99,7.9598,163,2.3874,57,11.7349,165,4.5063
92nd,31.7287,Lemery (BS),Batangas,REGION IV-A (CALABARZON),75,4.9387,303,7.1210,44,2.9592,198,11.3988,89,5.3110
93rd,31.7045,Tiaong,Quezon,REGION IV-A (CALABARZON),22,5.7951,171,7.6839,133,2.4797,45,11.8204,247,3.9254
94th,31.7040,Tanay,Rizal,REGION IV-A (CALABARZON),88,4.8692,77,8.0295,28,3.2416,62,11.7234,256,3.8403
95th,31.6975,Lubao,Pampanga,REGION III (Central Luzon),40,5.2364,269,7.2947,106,2.5756,133,11.4702,117,5.1206
96th,31.6744,Agoo,La Union,REGION I (Ilocos Region),33,5.3617,168,7.6957,42,2.9737,8,12.5901,353,3.0532
97th,31.6699,Burauen,Leyte,REGION VIII (Eastern Visayas),455,3.7053,83,8.0107,465,1.5603,234,11.3719,38,7.0217
98th,31.6319,Manolo Fortich,Bukidnon,REGION X (Northern Mindanao),26,5.6407,185,7.6288,141,2.4646,389,10.7383,113,5.1595
99th,31.6065,Tampakan,South Cotabato,REGION XII (Soccsksargen),362,3.9900,130,7.8477,64,2.7959,97,11.5365,76,5.4364
100th,31.6004,San Jose (AE),Antique,REGION VI (Western Visayas),28,5.5881,359,6.6667,71,2.7496,205,11.3936,102,5.2024
101st,31.5907,Guagua,Pampanga,REGION III (Central Luzon),39,5.2511,296,7.1640,36,3.1499,167,11.4294,155,4.5963
102nd,31.5801,Lupon,Davao Oriental,REGION XI (Davao Region),210,4.3446,104,7.9287,144,2.4532,137,11.4627,84,5.3909
103rd,31.5287,San Antonio (ZA),Zambales,REGION III (Central Luzon),327,4.0553,175,7.6602,334,2.0862,256,11.3574,53,6.3696
104th,31.5083,San Manuel (PS),Pangasinan,REGION I (Ilocos Region),248,4.2282,87,7.9913,421,1.8535,40,11.9169,70,5.5184
105th,31.4763,Kawit,Cavite,REGION IV-A (CALABARZON),53,5.1149,324,6.9845,52,2.8947,238,11.3705,122,5.1117
106th,31.4474,Sibagat,Agusan Del Sur,REGION XIII (Caraga),445,3.7685,70,8.0679,343,2.0581,410,10.5154,37,7.0375
107th,31.4448,Mangatarem,Pangasinan,REGION I (Ilocos Region),135,4.6155,11,8.5600,244,2.2392,18,12.2518,268,3.7783
108th,31.4426,Gerona,Tarlac,REGION III (Central Luzon),112,4.7128,193,7.5925,234,2.2576,67,11.6905,105,5.1892
109th,31.3382,Camiling,Tarlac,REGION III (Central Luzon),105,4.7432,39,8.2542,166,2.3867,135,11.4649,169,4.4892
110th,31.3264,Bongabon,Nueva Ecija,REGION III (Central Luzon),176,4.4326,68,8.0945,287,2.1814,119,11.4964,116,5.1215
111th,31.3189,Bauan,Batangas,REGION IV-A (CALABARZON),82,4.9051,180,7.6427,63,2.7975,204,11.3943,157,4.5793
112th,31.2692,Mariveles,Bataan,REGION III (Central Luzon),55,5.1084,45,8.2014,27,3.2719,417,10.4322,227,4.2553
113th,31.2622,Magalang,Pampanga,REGION III (Central Luzon),171,4.4477,139,7.8174,135,2.4693,291,11.3216,101,5.2062
114th,31.2521,Mlang,Cotabato (North Cotabato),REGION XII (Soccsksargen),114,4.7090,240,7.4268,121,2.5142,138,11.4625,114,5.1396
115th,31.2056,Asingan,Pangasinan,REGION I (Ilocos Region),272,4.1903,19,8.5076,252,2.2329,69,11.6834,156,4.5914
116th,31.1819,Pikit,Cotabato (North Cotabato),REGION XII (Soccsksargen),317,4.0849,76,8.0317,235,2.2570,80,11.6212,106,5.1871
117th,31.1771,Trento,Agusan Del Sur,REGION XIII (Caraga),127,4.6450,365,6.6081,475,1.4658,311,11.3031,28,7.1551
118th,31.1415,Mabinay,Negros Oriental,REGION VII (Central Visayas),283,4.1567,163,7.7126,220,2.2793,406,10.5469,48,6.4460
119th,31.1171,Balamban,Cebu,REGION VII (Central Visayas),52,5.1293,242,7.4071,86,2.6571,125,11.4839,188,4.4397
120th,31.1079,Maco,Davao De Oro,REGION XI (Davao Region),146,4.5545,23,8.3574,193,2.3436,168,11.4282,195,4.4242
121st,31.1023,Rosario (BS),Batangas,REGION IV-A (CALABARZON),485,3.1494,189,7.6047,2,4.7573,123,11.4871,234,4.1038
122nd,31.0903,Gen. Mariano Alvarez,Cavite,REGION IV-A (CALABARZON),69,4.9847,252,7.3688,65,2.7911,413,10.4933,73,5.4524
123rd,31.0749,Rodriguez,Rizal,REGION IV-A (CALABARZON),18,6.2095,342,6.8286,25,3.3533,414,10.4932,230,4.1903
124th,31.0714,Santa Rosa (NE),Nueva Ecija,REGION III (Central Luzon),132,4.6207,73,8.0386,127,2.5044,111,11.5115,206,4.3962
125th,31.0687,Ubay,Bohol,REGION VII (Central Visayas),264,4.2069,127,7.8699,155,2.4108,239,11.3704,99,5.2107
126th,31.0465,Orion,Bataan,REGION III (Central Luzon),227,4.2872,154,7.7478,115,2.5357,155,11.4413,135,5.0345
127th,31.0426,Cataingan,Masbate,REGION V (Bicol Region),496,2.4131,198,7.5838,177,2.3699,91,11.5583,31,7.1175
128th,31.0421,Atimonan,Quezon,REGION IV-A (CALABARZON),144,4.5705,75,8.0335,101,2.5901,226,11.3790,176,4.4690
129th,31.0396,Miag-ao,Iloilo,REGION VI (Western Visayas),110,4.7174,105,7.9285,187,2.3532,212,11.3885,150,4.6520
130th,31.0108,Tubigon,Bohol,REGION VII (Central Visayas),62,5.0523,207,7.5411,117,2.5321,299,11.3150,158,4.5703
131st,31.0057,Guiuan,Eastern Samar,REGION VIII (Eastern Visayas),252,4.2219,247,7.3830,102,2.5898,196,11.3999,79,5.4111
132nd,31.0034,Porac,Pampanga,REGION III (Central Luzon),77,4.9326,117,7.9017,153,2.4154,295,11.3170,190,4.4367
133rd,30.9473,Dalaguete,Cebu,REGION VII (Central Visayas),224,4.2980,144,7.8014,217,2.2829,296,11.3166,95,5.2484
134th,30.9339,Cuyapo,Nueva Ecija,REGION III (Central Luzon),296,4.1230,288,7.2045,369,1.9946,334,11.2245,51,6.3873
135th,30.9161,Balaoan,La Union,REGION I (Ilocos Region),195,4.3808,32,8.2901,309,2.1335,59,11.7307,210,4.3810
136th,30.9139,Capas,Tarlac,REGION III (Central Luzon),80,4.9137,153,7.7511,122,2.5141,209,11.3901,223,4.3449
137th,30.8694,Hermosa,Bataan,REGION III (Central Luzon),120,4.6792,244,7.4000,104,2.5820,165,11.4349,144,4.7733
138th,30.8083,Solana,Cagayan,REGION II (Cagayan Valley),129,4.6367,113,7.9107,336,2.0761,418,10.4289,65,5.7559
139th,30.7951,Bayombong,Nueva Vizcaya,REGION II (Cagayan Valley),107,4.7333,201,7.5622,201,2.3274,169,11.4279,146,4.7443
140th,30.7878,Maasim,Sarangani,REGION XII (Soccsksargen),51,5.1334,167,7.7050,245,2.2376,34,11.9871,279,3.7247
141st,30.7537,Bambang,Nueva Vizcaya,REGION II (Cagayan Valley),96,4.8254,202,7.5550,350,2.0392,185,11.4072,141,4.9269
142nd,30.7429,Nagcarlan,Laguna,REGION IV-A (CALABARZON),65,5.0251,372,6.5196,180,2.3651,64,11.7155,120,5.1176
143rd,30.7165,Compostela (DDO),Davao De Oro,REGION XI (Davao Region),156,4.5012,97,7.9615,87,2.6524,353,10.9949,154,4.6065
144th,30.7116,Infanta (QN),Quezon,REGION IV-A (CALABARZON),138,4.6056,157,7.7329,129,2.4990,177,11.4127,178,4.4614
145th,30.7086,Binalbagan,Negros Occidental,REGION VI (Western Visayas),331,4.0443,146,7.7805,463,1.5743,6,12.7939,163,4.5156
146th,30.7074,Mauban,Quezon,REGION IV-A (CALABARZON),154,4.5066,95,7.9656,203,2.3246,161,11.4364,175,4.4742
147th,30.6948,Umingan,Pangasinan,REGION I (Ilocos Region),101,4.7767,169,7.6931,175,2.3737,27,12.0313,259,3.8200
148th,30.6856,Pinamungajan,Cebu,REGION VII (Central Visayas),141,4.5784,60,8.1210,205,2.3204,338,11.1891,174,4.4767
149th,30.6611,Arayat,Pampanga,REGION III (Central Luzon),123,4.6586,43,8.2078,164,2.3869,294,11.3186,236,4.0892
150th,30.6472,Lucban,Quezon,REGION IV-A (CALABARZON),99,4.7824,137,7.8224,146,2.4465,194,11.4007,228,4.1952
151st,30.6405,Maitum,Sarangani,REGION XII (Soccsksargen),306,4.1032,203,7.5531,360,2.0141,50,11.7790,103,5.1911
152nd,30.6322,San Mariano,Isabela,REGION II (Cagayan Valley),364,3.9861,63,8.1169,418,1.8842,227,11.3774,92,5.2676
153rd,30.6304,La Trinidad,Benguet,CAR - Cordillera Administrative Region,13,6.4989,324,6.9845,31,3.1994,163,11.4357,407,2.5119
154th,30.6111,Naujan,Oriental Mindoro,REGION IV-B (MIMAROPA),117,4.6977,249,7.3799,172,2.3772,58,11.7328,197,4.4235
155th,30.5852,Puerto Galera,Oriental Mindoro,REGION IV-B (MIMAROPA),311,4.0963,141,7.8123,54,2.8584,200,11.3969,198,4.4213
156th,30.5715,Rizal (NE),Nueva Ecija,REGION III (Central Luzon),104,4.7462,31,8.2922,308,2.1336,261,11.3536,240,4.0459
157th,30.5690,Masantol,Pampanga,REGION III (Central Luzon),357,4.0030,194,7.5923,447,1.7507,121,11.4909,67,5.7321
158th,30.5498,Oton,Iloilo,REGION VI (Western Visayas),151,4.5282,257,7.3505,148,2.4313,415,10.4919,66,5.7479
159th,30.5420,Janiuay,Iloilo,REGION VI (Western Visayas),290,4.1335,270,7.2876,156,2.4105,195,11.4000,90,5.3104
160th,30.5377,Narvacan,Ilocos Sur,REGION I (Ilocos Region),202,4.3656,295,7.1656,277,2.1917,244,11.3684,74,5.4464
161st,30.5072,Mercedes,Camarines Norte,REGION V (Bicol Region),443,3.7833,148,7.7691,196,2.3347,258,11.3561,94,5.2640
162nd,30.4622,Pagbilao,Quezon,REGION IV-A (CALABARZON),74,4.9400,300,7.1510,160,2.3953,48,11.7867,231,4.1892
163rd,30.4507,Tagoloan (MO),Misamis Oriental,REGION X (Northern Mindanao),78,4.9290,21,8.4537,149,2.4303,136,11.4643,345,3.1734
164th,30.4482,Santa Maria (DS),Davao Occidental,REGION XI (Davao Region),85,4.8915,107,7.9198,273,2.1969,354,10.9906,182,4.4494
165th,30.4385,Roxas (PN),Palawan,REGION IV-B (MIMAROPA),370,3.9651,75,8.0335,109,2.5671,154,11.4425,192,4.4303
166th,30.4105,Prosperidad,Agusan Del Sur,REGION XIII (Caraga),271,4.1918,332,6.9076,209,2.3137,102,11.5309,71,5.4665
167th,30.3846,Pinamalayan,Oriental Mindoro,REGION IV-B (MIMAROPA),98,4.8032,69,8.0893,107,2.5729,160,11.4366,311,3.4826
168th,30.3825,Alfonso,Cavite,REGION IV-A (CALABARZON),148,4.5454,322,6.9923,240,2.2422,246,11.3680,96,5.2346
169th,30.3561,Tuburan (CU),Cebu,REGION VII (Central Visayas),218,4.3196,241,7.4076,245,2.2376,109,11.5164,142,4.8749
170th,30.3524,Matanao,Davao Del Sur,REGION XI (Davao Region),373,3.9607,161,7.7173,303,2.1396,175,11.4168,119,5.1180
171st,30.3410,Siniloan,Laguna,REGION IV-A (CALABARZON),188,4.4049,136,7.8319,276,2.1942,314,11.2998,153,4.6102
172nd,30.3390,Dumingag,Zamboanga Del Sur,REGION IX (Zamboanga Peninsula),312,4.0935,3,9.8805,390,1.9470,451,10.0184,203,4.3996
173rd,30.3339,Labo,Camarines Norte,REGION V (Bicol Region),322,4.0726,282,7.2267,99,2.5962,349,11.0405,82,5.3979
174th,30.3156,Banaybanay,Davao Oriental,REGION XI (Davao Region),342,4.0274,123,7.8784,335,2.0796,41,11.8996,191,4.4306
175th,30.3068,Itogon,Benguet,CAR - Cordillera Administrative Region,145,4.5602,111,7.9118,385,1.9636,118,11.4982,211,4.3730
176th,30.2554,Sindangan,Zamboanga Del Norte,REGION IX (Zamboanga Peninsula),130,4.6331,423,6.0365,159,2.3954,169,11.4279,64,5.7625
177th,30.1994,Tagkawayan,Quezon,REGION IV-A (CALABARZON),219,4.3193,177,7.6508,173,2.3753,196,11.3999,180,4.4541
178th,30.1956,Alicia (IA),Isabela,REGION II (Cagayan Valley),161,4.4696,88,7.9865,387,1.9622,289,11.3226,179,4.4547
179th,30.1886,San Joaquin,Iloilo,REGION VI (Western Visayas),330,4.0482,120,7.8889,264,2.2176,77,11.6455,209,4.3884
180th,30.1848,Santa Cruz (ME),Marinduque,REGION IV-B (MIMAROPA),165,4.4600,214,7.5212,120,2.5176,322,11.2820,202,4.4040
181st,30.1838,Sultan Kudarat,Maguindanao Del Norte,BARMM - Bangsamoro Autonomous Region in Muslim Mindanao,334,4.0354,57,8.1469,253,2.2319,13,12.3715,324,3.3981
182nd,30.1638,Bocaue,Bulacan,REGION III (Central Luzon),58,5.0864,128,7.8541,56,2.8370,200,11.3969,364,2.9894
183rd,30.1158,Mabini (BS),Batangas,REGION IV-A (CALABARZON),221,4.3165,96,7.9641,147,2.4438,269,11.3501,242,4.0413
184th,30.0992,Tuba,Benguet,CAR - Cordillera Administrative Region,185,4.4144,170,7.6930,329,2.0916,181,11.4092,168,4.4910
185th,30.0464,Paniqui,Tarlac,REGION III (Central Luzon),54,5.1091,263,7.3273,112,2.5443,173,11.4241,300,3.6416
186th,30.0368,Lambayong,Sultan Kudarat,REGION XII (Soccsksargen),255,4.2174,166,7.7063,320,2.1118,92,11.5582,187,4.4431
187th,30.0356,Wao,Lanao Del Sur,BARMM - Bangsamoro Autonomous Region in Muslim Mindanao,351,4.0109,115,7.9079,341,2.0600,350,11.0027,130,5.0541
188th,29.9876,Pigcawayan,Cotabato (North Cotabato),REGION XII (Soccsksargen),341,4.0280,85,8.0074,291,2.1697,76,11.6465,233,4.1360
189th,29.9729,Pototan,Iloilo,REGION VI (Western Visayas),131,4.6244,124,7.8772,174,2.3748,240,11.3696,278,3.7269
190th,29.9499,Asuncion,Davao Del Norte,REGION XI (Davao Region),193,4.3838,94,7.9692,51,2.9030,274,11.3462,337,3.3477
191st,29.9273,Diffun,Quirino,REGION II (Cagayan Valley),215,4.3233,149,7.7613,440,1.7719,257,11.3571,147,4.7137
192nd,29.9049,Aparri,Cagayan,REGION II (Cagayan Valley),214,4.3322,125,7.8758,108,2.5696,307,11.3081,260,3.8192
193rd,29.8561,Candaba,Pampanga,REGION III (Central Luzon),339,4.0319,133,7.8403,257,2.2300,306,11.3084,184,4.4455
194th,29.8528,Kiamba,Sarangani,REGION XII (Soccsksargen),260,4.2126,174,7.6678,150,2.4299,46,11.8148,277,3.7277
195th,29.8506,Luna (AO),Apayao,CAR - Cordillera Administrative Region,215,4.3233,140,7.8162,410,1.9020,219,11.3850,196,4.4241
196th,29.8312,Laak,Davao De Oro,REGION XI (Davao Region),128,4.6405,65,8.1135,314,2.1277,96,11.5445,323,3.4050
197th,29.8176,Naic,Cavite,REGION IV-A (CALABARZON),66,5.0066,196,7.5901,62,2.8075,174,11.4238,363,2.9896
198th,29.8090,Baganga,Davao Oriental,REGION XI (Davao Region),344,4.0252,41,8.2301,330,2.0892,199,11.3979,239,4.0666
199th,29.7991,Binmaley,Pangasinan,REGION I (Ilocos Region),230,4.2818,59,8.1231,247,2.2369,82,11.6005,305,3.5568
200th,29.7970,Quezon (BK),Bukidnon,REGION X (Northern Mindanao),93,4.8316,318,7.0125,302,2.1462,251,11.3609,183,4.4458
201st,29.7698,Mamburao,Occidental Mindoro,REGION IV-B (MIMAROPA),384,3.9441,218,7.5043,136,2.4684,241,11.3693,172,4.4837
202nd,29.7616,Roxas (ZN),Zamboanga Del Norte,REGION IX (Zamboanga Peninsula),335,4.0351,33,8.2891,239,2.2498,375,10.8446,224,4.3430
203rd,29.7534,Vintar,Ilocos Norte,REGION I (Ilocos Region),350,4.0116,152,7.7513,305,2.1388,126,11.4810,213,4.3707
204th,29.7319,Lala,Lanao Del Norte,REGION X (Northern Mindanao),241,4.2401,251,7.3747,113,2.5428,357,10.9613,152,4.6130
205th,29.7288,Medellin,Cebu,REGION VII (Central Visayas),95,4.8277,255,7.3601,352,2.0281,421,10.4179,124,5.0950
205th,29.7288,Claveria (MO),Misamis Oriental,REGION X (Northern Mindanao),228,4.2851,261,7.3329,379,1.9716,254,11.3597,143,4.7795
206th,29.7186,Los Banos,Laguna,REGION IV-A (CALABARZON),167,4.4593,305,7.1111,26,3.2838,316,11.2937,304,3.5707
207th,29.7114,Governor Generoso,Davao Oriental,REGION XI (Davao Region),142,4.5710,219,7.4990,455,1.6819,140,11.4614,167,4.4981
208th,29.6986,Kapatagan (LN),Lanao Del Norte,REGION X (Northern Mindanao),300,4.1152,158,7.7315,152,2.4196,75,11.6534,267,3.7789
209th,29.6961,Maddela,Quirino,REGION II (Cagayan Valley),201,4.3667,290,7.1933,280,2.1892,315,11.2996,151,4.6473
210th,29.6777,Manay,Davao Oriental,REGION XI (Davao Region),437,3.8125,119,7.8894,332,2.0886,188,11.4051,173,4.4821
211th,29.6692,Goa,Camarines Sur,REGION V (Bicol Region),277,4.1766,145,7.7967,198,2.3338,51,11.7727,303,3.5894
212th,29.6579,Leon,Iloilo,REGION VI (Western Visayas),242,4.2382,245,7.3914,274,2.1962,215,11.3867,185,4.4454
213th,29.6542,Gonzaga,Cagayan,REGION II (Cagayan Valley),184,4.4147,101,7.9412,290,2.1744,191,11.4036,280,3.7203
214th,29.6267,Macabebe,Pampanga,REGION III (Central Luzon),361,3.9930,131,7.8459,344,2.0545,246,11.3680,216,4.3653
215th,29.6180,Apalit,Pampanga,REGION III (Central Luzon),109,4.7313,233,7.4534,118,2.5318,268,11.3507,306,3.5508
216th,29.6154,Malvar,Batangas,REGION IV-A (CALABARZON),102,4.7744,437,5.7082,111,2.5494,186,11.4065,109,5.1769
217th,29.6099,Camalig,Albay,REGION V (Bicol Region),301,4.1128,344,6.8041,213,2.2953,260,11.3543,133,5.0434
218th,29.6005,San Ildefonso (BU),Bulacan,REGION III (Central Luzon),61,5.0684,212,7.5321,131,2.4942,103,11.5258,365,2.9800
219th,29.5996,Real,Quezon,REGION IV-A (CALABARZON),233,4.2702,264,7.3272,293,2.1671,157,11.4397,207,4.3954
220th,29.5915,Irosin,Sorsogon,REGION V (Bicol Region),204,4.3557,259,7.3393,283,2.1861,271,11.3477,217,4.3627
221st,29.5298,Balagtas,Bulacan,REGION III (Central Luzon),56,5.1033,225,7.4728,376,1.9757,221,11.3814,302,3.5966
222nd,29.5001,Bula,Camarines Sur,REGION V (Bicol Region),347,4.0170,274,7.2662,281,2.1869,367,10.8646,112,5.1654
223rd,29.4743,Dingras,Ilocos Norte,REGION I (Ilocos Region),258,4.2134,100,7.9564,192,2.3439,85,11.5845,331,3.3761
224th,29.4550,Balingasag,Misamis Oriental,REGION X (Northern Mindanao),268,4.1946,271,7.2837,137,2.4677,158,11.4392,238,4.0698
225th,29.4499,Santa Cruz (DS),Davao Del Sur,REGION XI (Davao Region),126,4.6490,358,6.6732,278,2.1911,120,11.4928,186,4.4438
226th,29.4423,Solano,Nueva Vizcaya,REGION II (Cagayan Valley),30,5.5473,325,6.9715,250,2.2341,339,11.1859,309,3.5035
227th,29.4346,Virac,Catanduanes,REGION V (Bicol Region),103,4.7581,132,7.8420,83,2.6758,395,10.6676,310,3.4911
228th,29.4287,Bustos,Bulacan,REGION III (Central Luzon),232,4.2716,223,7.4795,165,2.3868,115,11.5079,266,3.7829
229th,29.4214,Masinloc,Zambales,REGION III (Central Luzon),189,4.3934,229,7.4597,191,2.3448,208,11.3902,258,3.8333
230th,29.4213,Malapatan,Sarangani,REGION XII (Soccsksargen),267,4.2012,188,7.6058,227,2.2635,39,11.9305,317,3.4203
231st,29.3966,President Roxas (NC),Cotabato (North Cotabato),REGION XII (Soccsksargen),440,3.7954,204,7.5528,347,2.0468,84,11.5864,199,4.4152
232nd,29.3896,Datu Odin Sinsuat,Maguindanao Del Norte,BARMM - Bangsamoro Autonomous Region in Muslim Mindanao,234,4.2622,425,6.0218,96,2.6158,152,11.4436,132,5.0462
233rd,29.3887,Abuyog,Leyte,REGION VIII (Eastern Visayas),315,4.0901,111,7.9118,105,2.5780,429,10.3719,189,4.4369
234th,29.3276,General Nakar,Quezon,REGION IV-A (CALABARZON),336,4.0339,205,7.5472,394,1.9414,153,11.4427,218,4.3624
235th,29.3090,Coron,Palawan,REGION IV-B (MIMAROPA),157,4.4904,84,8.0102,89,2.6495,229,11.3759,371,2.7830
236th,29.2964,Santa Ignacia,Tarlac,REGION III (Central Luzon),288,4.1460,292,7.1765,419,1.8781,286,11.3275,145,4.7683
237th,29.2864,San Fernando (BK),Bukidnon,REGION X (Northern Mindanao),304,4.1093,91,7.9751,265,2.2158,100,11.5331,313,3.4531
238th,29.2799,Valencia (NR),Negros Oriental,REGION VII (Central Visayas),196,4.3745,210,7.5347,246,2.2372,330,11.2504,252,3.8831
239th,29.2761,E. B. Magalona,Negros Occidental,REGION VI (Western Visayas),386,3.9423,116,7.9023,266,2.2154,372,10.8471,214,4.3690
240th,29.2746,Bolinao,Pangasinan,REGION I (Ilocos Region),222,4.3118,421,6.0571,95,2.6172,49,11.7852,166,4.5033
241st,29.2261,Upi,Maguindanao Del Norte,BARMM - Bangsamoro Autonomous Region in Muslim Mindanao,383,3.9450,298,7.1519,251,2.2331,95,11.5468,221,4.3493
242nd,29.2220,San Mateo (IA),Isabela,REGION II (Cagayan Valley),139,4.6030,239,7.4279,406,1.9134,312,11.3021,245,3.9756
243rd,29.2055,Opol,Misamis Oriental,REGION X (Northern Mindanao),229,4.2826,273,7.2795,219,2.2818,442,10.2988,128,5.0628
244th,29.1985,Glan,Sarangani,REGION XII (Soccsksargen),178,4.4276,237,7.4368,134,2.4790,130,11.4741,330,3.3810
245th,29.1794,Villanueva,Misamis Oriental,REGION X (Northern Mindanao),63,5.0501,404,6.2506,342,2.0593,209,11.3901,193,4.4293
246th,29.1663,Concepcion (TC),Tarlac,REGION III (Central Luzon),89,4.8690,412,6.1736,57,2.8255,197,11.3992,251,3.8990
247th,29.0819,Magpet,Cotabato (North Cotabato),REGION XII (Soccsksargen),402,3.9046,211,7.5328,423,1.8401,178,11.4124,208,4.3920
248th,29.0784,Cabugao,Ilocos Sur,REGION I (Ilocos Region),294,4.1285,260,7.3377,202,2.3252,43,11.8796,321,3.4074
249th,29.0429,Echague,Isabela,REGION II (Cagayan Valley),159,4.4765,197,7.5849,411,1.9003,318,11.2904,263,3.7908
250th,29.0257,Calinog,Iloilo,REGION VI (Western Visayas),244,4.2356,190,7.6029,224,2.2680,428,10.3730,160,4.5462
251st,29.0058,Santa Barbara (PS),Pangasinan,REGION I (Ilocos Region),163,4.4676,297,7.1579,299,2.1514,66,11.7013,307,3.5276
252nd,28.9885,San Marcelino,Zambales,REGION III (Central Luzon),282,4.1578,256,7.3513,238,2.2502,380,10.8181,200,4.4111
253rd,28.9803,Santo Tomas (DN),Davao Del Norte,REGION XI (Davao Region),73,4.9602,272,7.2821,91,2.6426,179,11.4112,401,2.6842
254th,28.9704,Banga (SC),South Cotabato,REGION XII (Soccsksargen),328,4.0509,230,7.4593,382,1.9685,56,11.7361,271,3.7556
255th,28.9090,Binalonan,Pangasinan,REGION I (Ilocos Region),191,4.3889,114,7.9092,181,2.3644,377,10.8392,322,3.4073
256th,28.9084,Maria Aurora,Aurora,REGION III (Central Luzon),300,4.1152,200,7.5732,358,2.0180,382,10.7979,201,4.4041
257th,28.9034,Baggao,Cagayan,REGION II (Cagayan Valley),143,4.5707,286,7.2173,365,2.0018,193,11.4012,283,3.7124
258th,28.8914,Kananga,Leyte,REGION VIII (Eastern Visayas),231,4.2749,246,7.3858,237,2.2521,321,11.2832,289,3.6954
259th,28.8556,Libona,Bukidnon,REGION X (Northern Mindanao),279,4.1629,121,7.8856,398,1.9313,184,11.4081,312,3.4677
260th,28.8092,Penablanca,Cagayan,REGION II (Cagayan Valley),417,3.8735,173,7.6700,389,1.9526,151,11.4484,253,3.8647
261st,28.8002,Bangued,Abra,CAR - Cordillera Administrative Region,72,4.9638,279,7.2348,340,2.0627,398,10.6341,250,3.9048
262nd,28.7950,T'boli,South Cotabato,REGION XII (Soccsksargen),197,4.3732,192,7.5961,351,2.0329,72,11.6724,348,3.1204
263rd,28.7693,Hinobaan,Negros Occidental,REGION VI (Western Visayas),359,3.9960,147,7.7763,268,2.2093,423,10.3913,205,4.3964
264th,28.7489,Hagonoy (BU),Bulacan,REGION III (Central Luzon),180,4.4199,361,6.6443,92,2.6370,324,11.2726,269,3.7751
265th,28.7345,Siay,Zamboanga Sibugay,REGION IX (Zamboanga Peninsula),491,3.0093,82,8.0114,353,2.0233,317,11.2929,204,4.3976
266th,28.7259,Consolacion,Cebu,REGION VII (Central Visayas),49,5.1558,347,6.7709,69,2.7578,90,11.5633,411,2.4781
267th,28.7163,Ipil,Zamboanga Sibugay,REGION IX (Zamboanga Peninsula),200,4.3681,224,7.4731,38,3.1155,459,9.8525,249,3.9071
268th,28.7059,Talacogon,Agusan Del Sur,REGION XIII (Caraga),416,3.8761,58,8.1444,439,1.7776,122,11.4905,319,3.4173
269th,28.6797,Mexico,Pampanga,REGION III (Central Luzon),134,4.6165,206,7.5415,208,2.3140,422,10.4176,264,3.7901
270th,28.6785,Carmen (NC),Cotabato (North Cotabato),REGION XII (Soccsksargen),390,3.9304,349,6.7261,13,3.7747,114,11.5089,384,2.7384
271st,28.6596,San Nicolas (PS),Pangasinan,REGION I (Ilocos Region),291,4.1315,66,8.1108,402,1.9252,63,11.7205,375,2.7716
272nd,28.6268,Kalilangan,Bukidnon,REGION X (Northern Mindanao),411,3.8837,280,7.2331,433,1.7915,266,11.3518,215,4.3667
273rd,28.6237,Jaen,Nueva Ecija,REGION III (Central Luzon),273,4.1874,103,7.9341,395,1.9403,333,11.2256,341,3.3363
274th,28.6194,Estancia,Iloilo,REGION VI (Western Visayas),213,4.3344,160,7.7205,78,2.6989,385,10.7886,350,3.0770
275th,28.6190,San Juan (BS),Batangas,REGION IV-A (CALABARZON),108,4.7330,369,6.5531,29,3.2293,272,11.3472,383,2.7564
276th,28.5784,Esperanza (AS),Agusan Del Sur,REGION XIII (Caraga),456,3.7015,277,7.2449,363,2.0044,323,11.2799,222,4.3477
277th,28.5697,San Luis (AU),Aurora,REGION III (Central Luzon),309,4.1006,143,7.8028,260,2.2246,182,11.4087,356,3.0330
278th,28.5434,Daan Bantayan,Cebu,REGION VII (Central Visayas),245,4.2336,258,7.3476,216,2.2846,436,10.3442,225,4.3334
279th,28.5368,Libon,Albay,REGION V (Bicol Region),471,3.5628,235,7.4480,285,2.1841,360,10.9169,194,4.4250
280th,28.4976,Malalag,Davao Del Sur,REGION XI (Davao Region),400,3.9067,216,7.5057,286,2.1824,341,11.1508,272,3.7520
281st,28.4748,Talibon,Bohol,REGION VII (Central Visayas),225,4.2895,236,7.4374,143,2.4540,127,11.4771,367,2.8168
282nd,28.4605,Bugallon,Pangasinan,REGION I (Ilocos Region),319,4.0830,411,6.1982,306,2.1386,93,11.5544,170,4.4863
283rd,28.4447,Bagumbayan,Sultan Kudarat,REGION XII (Soccsksargen),340,4.0282,195,7.5911,422,1.8521,252,11.3603,301,3.6130
284th,28.3957,Catanauan,Quezon,REGION IV-A (CALABARZON),183,4.4152,405,6.2236,199,2.3309,124,11.4870,246,3.9390
285th,28.3882,Pantabangan,Nueva Ecija,REGION III (Central Luzon),349,4.0118,26,8.3394,458,1.6651,302,11.3117,352,3.0602
286th,28.3722,Norzagaray,Bulacan,REGION III (Central Luzon),136,4.6127,346,6.7834,171,2.3775,388,10.7444,254,3.8542
287th,28.3721,Kalamansig,Sultan Kudarat,REGION XII (Soccsksargen),333,4.0371,53,8.1593,326,2.0963,303,11.3094,377,2.7700
288th,28.3658,Ajuy,Iloilo,REGION VI (Western Visayas),405,3.9018,138,7.8216,407,1.9097,471,9.6936,134,5.0391
289th,28.3395,Lebak,Sultan Kudarat,REGION XII (Soccsksargen),169,4.4539,181,7.6388,168,2.3850,343,11.1347,387,2.7271
290th,28.3311,Mankayan,Benguet,CAR - Cordillera Administrative Region,401,3.9060,108,7.9178,469,1.5068,292,11.3195,294,3.6810
291st,28.3256,Jasaan,Misamis Oriental,REGION X (Northern Mindanao),326,4.0584,390,6.3535,282,2.1867,235,11.3717,220,4.3553
292nd,28.2915,El Nido,Palawan,REGION IV-B (MIMAROPA),399,3.9078,289,7.2022,55,2.8558,105,11.5200,368,2.8057
293rd,28.2656,Esperanza (SK),Sultan Kudarat,REGION XII (Soccsksargen),162,4.4695,184,7.6298,251,2.2331,340,11.1727,380,2.7605
294th,28.2606,Tubod (LN),Lanao Del Norte,REGION X (Northern Mindanao),237,4.2528,420,6.0583,237,2.2521,279,11.3365,219,4.3609
295th,28.2573,San Vicente (PN),Palawan,REGION IV-B (MIMAROPA),46,5.1962,306,7.0969,182,2.3621,361,10.9113,399,2.6908
296th,28.2467,Alamada,Cotabato (North Cotabato),REGION XII (Soccsksargen),380,3.9497,261,7.3329,316,2.1220,166,11.4316,320,3.4105
297th,28.2305,Bontoc (MP),Mountain Province,CAR - Cordillera Administrative Region,281,4.1580,92,7.9725,424,1.8374,378,10.8314,316,3.4312
298th,28.2295,General Tinio,Nueva Ecija,REGION III (Central Luzon),430,3.8361,159,7.7220,381,1.9704,287,11.3273,332,3.3737
299th,28.2294,Gubat,Sorsogon,REGION V (Bicol Region),208,4.3492,428,5.9106,337,2.0753,374,10.8456,131,5.0487
300th,28.2203,Pandi,Bulacan,REGION III (Central Luzon),97,4.8238,353,6.7069,158,2.4007,116,11.5067,372,2.7822
301st,28.1892,Nasugbu,Batangas,REGION IV-A (CALABARZON),70,4.9788,452,5.4416,82,2.6773,327,11.2559,257,3.8356
302nd,28.1669,San Miguel (SS),Surigao Del Sur,REGION XIII (Caraga),367,3.9729,215,7.5126,393,1.9453,277,11.3426,327,3.3935
303rd,28.1499,Lake Sebu,South Cotabato,REGION XII (Soccsksargen),379,3.9506,337,6.8688,317,2.1207,94,11.5523,299,3.6575
304th,28.1399,Calanasan,Apayao,CAR - Cordillera Administrative Region,391,3.9270,6,8.8763,483,1.3296,283,11.3308,403,2.6762
305th,28.1339,Tulunan,Cotabato (North Cotabato),REGION XII (Soccsksargen),383,3.9450,294,7.1665,386,1.9635,250,11.3610,287,3.6979
306th,28.1277,Balayan,Batangas,REGION IV-A (CALABARZON),124,4.6521,471,4.8500,48,2.9381,217,11.3860,226,4.3015
307th,28.0997,Rosales,Pangasinan,REGION I (Ilocos Region),59,5.0850,287,7.2083,161,2.3921,89,11.5639,445,1.8504
308th,28.0670,Aborlan,Palawan,REGION IV-B (MIMAROPA),313,4.0926,311,7.0608,271,2.2028,409,10.5315,232,4.1793
309th,28.0365,Manaoag,Pangasinan,REGION I (Ilocos Region),249,4.2277,319,6.9981,206,2.3178,42,11.8870,404,2.6059
310th,28.0215,Calauan,Laguna,REGION IV-A (CALABARZON),461,3.6880,213,7.5228,367,2.0010,176,11.4144,325,3.3953
311th,28.0082,Roxas (IA),Isabela,REGION II (Cagayan Valley),199,4.3685,422,6.0455,325,2.1016,142,11.4551,243,4.0375
312th,27.9748,Bubong,Lanao Del Sur,BARMM - Bangsamoro Autonomous Region in Muslim Mindanao,431,3.8216,176,7.6560,284,2.1848,401,10.5989,282,3.7135
313th,27.9697,Paracelis,Mountain Province,CAR - Cordillera Administrative Region,308,4.1017,321,6.9934,432,1.8034,210,11.3900,293,3.6812
314th,27.9429,San Jose (BS),Batangas,REGION IV-A (CALABARZON),174,4.4451,338,6.8681,73,2.7250,233,11.3736,406,2.5311
315th,27.9276,New Bataan,Davao De Oro,REGION XI (Davao Region),292,4.1293,112,7.9116,444,1.7590,183,11.4086,390,2.7191
316th,27.9212,Aurora (ZR),Zamboanga Del Sur,REGION IX (Zamboanga Peninsula),321,4.0797,109,7.9145,228,2.2623,437,10.3278,340,3.3369
317th,27.9177,Siayan,Zamboanga Del Norte,REGION IX (Zamboanga Peninsula),381,3.9470,356,6.7013,481,1.3790,365,10.8789,139,5.0115
318th,27.9153,San Fabian,Pangasinan,REGION I (Ilocos Region),499,2.0416,162,7.7131,215,2.2943,223,11.3811,171,4.4852
319th,27.8969,Molave,Zamboanga Del Sur,REGION IX (Zamboanga Peninsula),238,4.2507,393,6.3229,229,2.2617,400,10.6080,181,4.4536
320th,27.8892,Naval,Biliran,REGION VIII (Eastern Visayas),187,4.4118,254,7.3603,154,2.4129,490,8.3074,83,5.3968
321st,27.8804,Victoria (OR),Oriental Mindoro,REGION IV-B (MIMAROPA),316,4.0866,424,6.0290,204,2.3230,202,11.3966,241,4.0452
322nd,27.8408,Impasug-Ong,Bukidnon,REGION X (Northern Mindanao),392,3.9205,278,7.2414,396,1.9351,255,11.3578,328,3.3860
323rd,27.8227,Lallo,Cagayan,REGION II (Cagayan Valley),209,4.3452,283,7.2227,254,2.2314,329,11.2551,378,2.7683
324th,27.8010,Obando,Bulacan,REGION III (Central Luzon),280,4.1604,335,6.8845,194,2.3375,355,10.9871,315,3.4315
325th,27.7965,Matalam,Cotabato (North Cotabato),REGION XII (Soccsksargen),414,3.8792,228,7.4610,412,1.9000,98,11.5361,360,3.0202
326th,27.7934,Iba,Zambales,REGION III (Central Luzon),447,3.7542,350,6.7220,138,2.4668,134,11.4669,329,3.3835
327th,27.7757,Bantayan Island,Cebu,REGION VII (Central Visayas),125,4.6494,220,7.4982,123,2.5107,420,10.4180,396,2.6994
328th,27.7739,Alfonso Castaneda,Nueva Vizcaya,REGION II (Cagayan Valley),448,3.7489,199,7.5760,445,1.7581,264,11.3527,339,3.3382
329th,27.7637,Jamindan,Capiz,REGION VI (Western Visayas),425,3.8541,217,7.5046,364,2.0023,391,10.7071,288,3.6956
330th,27.7636,Paranas,Samar (Western Samar),REGION VIII (Eastern Visayas),378,3.9512,253,7.3682,371,1.9871,386,10.7780,296,3.6791
331st,27.6920,Jones,Isabela,REGION II (Cagayan Valley),415,3.8770,276,7.2594,460,1.6163,371,10.8473,235,4.0920
332nd,27.6907,Laoang,Northern Samar,REGION VIII (Eastern Visayas),404,3.9025,256,7.3513,259,2.2293,393,10.6893,308,3.5183
333rd,27.6727,Bansud,Oriental Mindoro,REGION IV-B (MIMAROPA),325,4.0596,386,6.3806,467,1.5377,290,11.3224,212,4.3724
334th,27.6708,Tapaz,Capiz,REGION VI (Western Visayas),397,3.9141,391,6.3435,354,2.0213,427,10.3763,138,5.0156
335th,27.6698,Casiguran (AU),Aurora,REGION III (Central Luzon),346,4.0184,438,5.7061,294,2.1619,214,11.3870,205,4.3964
336th,27.6644,Columbio,Sultan Kudarat,REGION XII (Soccsksargen),374,3.9593,348,6.7355,417,1.8893,225,11.3803,286,3.7000
337th,27.6517,Bataraza,Palawan,REGION IV-B (MIMAROPA),179,4.4275,394,6.3188,167,2.3863,122,11.4905,357,3.0286
338th,27.6367,Dumangas,Iloilo,REGION VI (Western Visayas),303,4.1094,331,6.9121,140,2.4659,73,11.6693,410,2.4800
339th,27.6249,Aroroy,Masbate,REGION V (Bicol Region),236,4.2589,339,6.8672,178,2.3683,145,11.4531,402,2.6774
340th,27.6109,San Pablo (IA),Isabela,REGION II (Cagayan Valley),427,3.8534,310,7.0648,310,2.1324,232,11.3737,344,3.1866
341st,27.5908,Taysan,Batangas,REGION IV-A (CALABARZON),270,4.1922,409,6.2179,359,2.0164,148,11.4498,281,3.7145
342nd,27.5673,Sual,Pangasinan,REGION I (Ilocos Region),206,4.3517,367,6.5730,272,2.1999,156,11.4404,362,3.0023
343rd,27.5655,Bagabag,Nueva Vizcaya,REGION II (Cagayan Valley),368,3.9720,134,7.8383,461,1.6106,275,11.3461,369,2.7985
344th,27.5303,Santa Cruz (IS),Ilocos Sur,REGION I (Ilocos Region),385,3.9436,362,6.6333,323,2.1071,24,12.1211,388,2.7252
345th,27.4685,Talaingod,Davao Del Norte,REGION XI (Davao Region),436,3.8132,156,7.7403,442,1.7668,384,10.7956,335,3.3526
346th,27.4535,Tagbina,Surigao Del Sur,REGION XIII (Caraga),243,4.2367,333,6.8987,261,2.2223,314,11.2998,370,2.7960
347th,27.4126,Don Carlos,Bukidnon,REGION X (Northern Mindanao),284,4.1536,395,6.3186,397,1.9323,336,11.2106,262,3.7975
348th,27.3914,Tumauini,Isabela,REGION II (Cagayan Valley),177,4.4307,366,6.6017,441,1.7711,131,11.4730,349,3.1149
349th,27.3502,Buenavista (GS),Guimaras,REGION VI (Western Visayas),24,5.6854,364,6.6194,79,2.6943,463,9.8409,408,2.5102
350th,27.3269,Libungan,Cotabato (North Cotabato),REGION XII (Soccsksargen),449,3.7478,291,7.1830,318,2.1189,110,11.5153,379,2.7619
351st,27.3173,Roxas (OR),Oriental Mindoro,REGION IV-B (MIMAROPA),203,4.3628,415,6.1326,279,2.1907,171,11.4256,343,3.2056
352nd,27.2628,Indang,Cavite,REGION IV-A (CALABARZON),205,4.3520,461,5.1082,226,2.2677,447,10.1700,87,5.3649
353rd,27.2586,Banisilan,Cotabato (North Cotabato),REGION XII (Soccsksargen),394,3.9186,222,7.4802,452,1.7204,245,11.3681,376,2.7713
354th,27.2259,Bulan,Sorsogon,REGION V (Bicol Region),492,2.9055,488,4.0075,415,1.8916,265,11.3526,34,7.0687
355th,27.2254,Nagtipunan,Quirino,REGION II (Cagayan Valley),438,3.8111,301,7.1407,426,1.8277,431,10.3666,237,4.0793
356th,27.2133,Kiblawan,Davao Del Sur,REGION XI (Davao Region),372,3.9615,410,6.2100,345,2.0523,304,11.3093,295,3.6802
357th,27.1873,Calauag,Quezon,REGION IV-A (CALABARZON),198,4.3730,328,6.9284,139,2.4667,81,11.6160,447,1.8032
358th,27.1820,Arakan,Cotabato (North Cotabato),REGION XII (Soccsksargen),395,3.9181,102,7.9345,425,1.8355,293,11.3188,429,2.1751
359th,27.1099,Narra,Palawan,REGION IV-B (MIMAROPA),192,4.3857,315,7.0219,255,2.2313,150,11.4495,433,2.0215
360th,27.1093,Brooke's Point,Palawan,REGION IV-B (MIMAROPA),160,4.4750,442,5.6043,179,2.3665,297,11.3158,337,3.3477
361st,27.0830,Isabel,Leyte,REGION VIII (Eastern Visayas),305,4.1062,267,7.3094,493,0.2549,424,10.3848,136,5.0277
362nd,27.0367,La Castellana,Negros Occidental,REGION VI (Western Visayas),468,3.6029,302,7.1330,420,1.8565,390,10.7320,284,3.7123
363rd,27.0302,Kabasalan,Zamboanga Sibugay,REGION IX (Zamboanga Peninsula),421,3.8621,480,4.5471,222,2.2745,335,11.2141,115,5.1324
364th,27.0288,Taytay (PN),Palawan,REGION IV-B (MIMAROPA),269,4.1931,308,7.0830,200,2.3290,189,11.4046,434,2.0191
365th,27.0049,Lantapan,Bukidnon,REGION X (Northern Mindanao),328,4.0509,86,7.9949,454,1.7047,405,10.5518,395,2.7026
366th,26.9911,Tungawan,Zamboanga Sibugay,REGION IX (Zamboanga Peninsula),388,3.9409,304,7.1176,231,2.2605,453,9.9230,273,3.7491
367th,26.9731,Bacacay,Albay,REGION V (Bicol Region),310,4.0967,419,6.0733,84,2.6709,173,11.4241,394,2.7081
368th,26.9553,Aringay,La Union,REGION I (Ilocos Region),369,3.9693,345,6.7895,328,2.0936,65,11.7017,417,2.4012
369th,26.9454,Gattaran,Cagayan,REGION II (Cagayan Valley),181,4.4179,248,7.3819,230,2.2608,448,10.1479,385,2.7369
370th,26.9425,Las Nieves,Agusan Del Norte,REGION XIII (Caraga),424,3.8559,293,7.1676,409,1.9074,280,11.3354,403,2.6762
371st,26.9286,Jose Panganiban,Camarines Norte,REGION V (Bicol Region),337,4.0338,268,7.3070,346,2.0501,376,10.8397,397,2.6980
372nd,26.9275,San Isidro (NE),Nueva Ecija,REGION III (Central Luzon),256,4.2172,440,5.6757,258,2.2297,363,10.8945,248,3.9104
373rd,26.9262,Siocon,Zamboanga Del Norte,REGION IX (Zamboanga Peninsula),460,3.6936,307,7.0948,39,3.0677,249,11.3645,454,1.7056
374th,26.9138,Barotac Nuevo,Iloilo,REGION VI (Western Visayas),276,4.1810,262,7.3317,162,2.3903,441,10.3015,393,2.7093
375th,26.8908,Calumpit,Bulacan,REGION III (Central Luzon),150,4.5323,474,4.7938,176,2.3729,220,11.3840,261,3.8078
376th,26.8829,Caraga,Davao Oriental,REGION XI (Davao Region),463,3.6758,380,6.4370,373,1.9821,344,11.1042,292,3.6838
378th,26.8081,Aritao,Nueva Vizcaya,REGION II (Cagayan Valley),239,4.2438,363,6.6295,403,1.9251,313,11.2999,392,2.7098
379th,26.7734,Guinobatan,Albay,REGION V (Bicol Region),457,3.7013,150,7.7571,256,2.2302,449,10.0427,355,3.0421
380th,26.7354,Barili,Cebu,REGION VII (Central Visayas),226,4.2874,313,7.0339,296,2.1551,477,9.5287,274,3.7303
381st,26.7291,Catarman (NS),Northern Samar,REGION VIII (Eastern Visayas),212,4.3370,406,6.2189,197,2.3343,129,11.4746,423,2.3643
382nd,26.7126,Malasiqui,Pangasinan,REGION I (Ilocos Region),119,4.6795,426,6.0173,126,2.5065,149,11.4497,431,2.0596
383rd,26.6524,Tago,Surigao Del Sur,REGION XIII (Caraga),318,4.0831,232,7.4561,448,1.7460,305,11.3092,432,2.0580
384th,26.6369,Ramon,Isabela,REGION II (Cagayan Valley),140,4.5823,407,6.2186,451,1.7263,438,10.3238,265,3.7859
385th,26.5849,Milagros,Masbate,REGION V (Bicol Region),441,3.7861,351,6.7133,327,2.0947,300,11.3146,403,2.6762
386th,26.5839,Sipocot,Camarines Sur,REGION V (Bicol Region),287,4.1485,314,7.0271,298,2.1518,458,9.8616,326,3.3949
387th,26.5654,San Leonardo,Nueva Ecija,REGION III (Central Luzon),274,4.1867,389,6.3669,75,2.7181,112,11.5099,448,1.7838
388th,26.5592,Buenavista (AN),Agusan Del Norte,REGION XIII (Caraga),259,4.2128,447,5.5305,248,2.2346,364,10.8905,290,3.6908
389th,26.5479,Kitaotao,Bukidnon,REGION X (Northern Mindanao),356,4.0039,144,7.8014,494,0.1967,190,11.4041,347,3.1418
390th,26.4921,Bongao,Tawi-Tawi,BARMM - Bangsamoro Autonomous Region in Muslim Mindanao,299,4.1174,355,6.7030,67,2.7719,488,8.3901,164,4.5097
391st,26.4702,Santa Ana (CG),Cagayan,REGION II (Cagayan Valley),253,4.2209,430,5.8423,267,2.2097,172,11.4246,374,2.7727
392nd,26.4545,Botolan,Zambales,REGION III (Central Luzon),432,3.8205,265,7.3250,251,2.2331,439,10.3169,382,2.7590
393rd,26.4334,Calatagan,Batangas,REGION IV-A (CALABARZON),442,3.7837,445,5.5543,207,2.3157,282,11.3339,314,3.4458
394th,26.4250,Pateros,Metro Manila,NCR - National Capital Region,314,4.0906,475,4.6947,184,2.3611,345,11.0848,229,4.1938
395th,26.4191,Carmen (BL),Bohol,REGION VII (Central Visayas),289,4.1345,454,5.3640,292,2.1680,352,10.9969,270,3.7557
396th,26.3689,Gandara,Samar (Western Samar),REGION VIII (Eastern Visayas),480,3.2427,431,5.8259,495,0.1480,381,10.8082,54,6.3441
397th,26.3606,Lingig,Surigao Del Sur,REGION XIII (Caraga),387,3.9415,352,6.7096,484,1.3252,450,10.0366,222,4.3477
398th,26.2317,Angat,Bulacan,REGION III (Central Luzon),235,4.2591,374,6.4569,322,2.1088,211,11.3892,435,2.0177
399th,26.2232,Dinapigue,Isabela,REGION II (Cagayan Valley),477,3.3258,336,6.8774,357,2.0188,74,11.6630,427,2.3382
400th,26.2074,Talipao,Sulu,BARMM - Bangsamoro Autonomous Region in Muslim Mindanao,382,3.9464,383,6.4053,378,1.9718,476,9.5362,222,4.3477
401st,26.1930,Jose Abad Santos,Davao Occidental,REGION XI (Davao Region),353,4.0091,427,5.9841,456,1.6723,369,10.8512,298,3.6763
402nd,26.1602,Dona Remedios Trinidad,Bulacan,REGION III (Central Luzon),428,3.8423,368,6.5560,375,1.9763,288,11.3259,412,2.4597
403rd,26.1454,Carles,Iloilo,REGION VI (Western Visayas),458,3.6998,417,6.0993,482,1.3722,319,11.2884,291,3.6857
404th,26.0323,Veruela,Agusan Del Sur,REGION XIII (Caraga),371,3.9632,379,6.4402,470,1.5003,243,11.3685,381,2.7601
405th,26.0223,Sibuco,Zamboanga Del Norte,REGION IX (Zamboanga Peninsula),25,5.6773,435,5.7168,225,2.2678,433,10.3508,438,2.0096
406th,25.9955,Hinatuan,Surigao Del Sur,REGION XIII (Caraga),295,4.1255,385,6.3813,449,1.7434,225,11.3803,422,2.3650
407th,25.9818,Bulakan,Bulacan,REGION III (Central Luzon),278,4.1745,403,6.2593,183,2.3613,308,11.3074,443,1.8793
408th,25.9801,Floridablanca,Pampanga,REGION III (Central Luzon),100,4.7797,398,6.3053,72,2.7476,281,11.3352,477,0.8123
409th,25.9517,Titay,Zamboanga Sibugay,REGION IX (Zamboanga Peninsula),433,3.8199,243,7.4036,366,2.0013,480,9.3602,333,3.3667
410th,25.9351,Sibulan,Negros Oriental,REGION VII (Central Visayas),286,4.1510,227,7.4648,243,2.2412,489,8.3486,275,3.7295
411th,25.7858,Pagalungan,Maguindanao Del Sur,BARMM - Bangsamoro Autonomous Region in Muslim Mindanao,418,3.8733,413,6.1714,443,1.7609,440,10.3038,297,3.6764
412th,25.7098,Santa Catalina (NR),Negros Oriental,REGION VII (Central Visayas),348,4.0151,238,7.4325,450,1.7265,461,9.8489,400,2.6868
413th,25.6195,Sitangkai,Tawi-Tawi,BARMM - Bangsamoro Autonomous Region in Muslim Mindanao,396,3.9155,330,6.9138,486,0.9228,139,11.4615,415,2.4059
414th,25.6162,Bamban,Tarlac,REGION III (Central Luzon),486,3.1463,397,6.3055,333,2.0876,347,11.0546,359,3.0222
415th,25.5925,San Antonio (NE),Nueva Ecija,REGION III (Central Luzon),419,3.8723,312,7.0563,388,1.9583,358,10.9363,450,1.7693
416th,25.5856,Talakag,Bukidnon,REGION X (Northern Mindanao),343,4.0270,388,6.3694,311,2.1316,310,11.3033,452,1.7543
417th,25.5573,La Paz (AS),Agusan Del Sur,REGION XIII (Caraga),412,3.8822,284,7.2224,462,1.5876,370,10.8508,436,2.0143
418th,25.5315,Pili,Camarines Sur,REGION V (Bicol Region),64,5.0312,402,6.2661,93,2.6357,472,9.6455,440,1.9530
419th,25.4922,Calabanga,Camarines Sur,REGION V (Bicol Region),410,3.8859,309,7.0696,269,2.2083,366,10.8706,464,1.4578
420th,25.4869,Sofronio Espanola,Palawan,REGION IV-B (MIMAROPA),323,4.0644,373,6.4795,400,1.9273,298,11.3157,455,1.7000
421st,25.4801,Lugait,Misamis Oriental,REGION X (Northern Mindanao),338,4.0328,329,6.9234,370,1.9934,180,11.4107,473,1.1198
422nd,25.4297,Pilar (SO),Sorsogon,REGION V (Bicol Region),346,4.0184,371,6.5257,289,2.1770,435,10.3460,424,2.3626
423rd,25.4171,Minglanilla,Cebu,REGION VII (Central Visayas),44,5.2014,473,4.8017,124,2.5097,483,9.0559,255,3.8484
424th,25.3675,San Pascual (BS),Batangas,REGION IV-A (CALABARZON),207,4.3496,457,5.2567,128,2.4991,159,11.4376,446,1.8245
425th,25.3440,Alang-Alang,Leyte,REGION VIII (Eastern Visayas),435,3.8172,400,6.2913,485,0.9532,359,10.9251,334,3.3572
426th,25.3381,Palanan,Isabela,REGION II (Cagayan Valley),465,3.6299,221,7.4965,471,1.4912,479,9.3723,336,3.3482
427th,25.3230,Hilongos,Leyte,REGION VIII (Eastern Visayas),164,4.4652,382,6.4072,297,2.1548,460,9.8511,413,2.4447
428th,25.3006,Buhi,Camarines Sur,REGION V (Bicol Region),261,4.2115,378,6.4416,218,2.2827,455,9.8674,409,2.4974
429th,25.2764,Libmanan,Camarines Sur,REGION V (Bicol Region),298,4.1184,450,5.4939,145,2.4486,464,9.8082,322,3.4073
430th,25.2533,Baungon,Bukidnon,REGION X (Northern Mindanao),352,4.0103,320,6.9969,301,2.1465,430,10.3701,453,1.7295
431st,25.2186,Pangantucan,Bukidnon,REGION X (Northern Mindanao),413,3.8814,343,6.8077,428,1.8169,247,11.3668,472,1.3458
432nd,25.2185,Rizal (PN),Palawan,REGION IV-B (MIMAROPA),389,3.9371,468,4.9674,404,1.9159,216,11.3862,361,3.0119
433rd,25.1838,Subic,Zambales,REGION III (Central Luzon),365,3.9781,448,5.5252,212,2.2960,309,11.3049,430,2.0796
434th,25.1328,La Paz (TC),Tarlac,REGION III (Central Luzon),497,2.3887,281,7.2320,372,1.9868,382,10.7979,386,2.7274
435th,25.0307,Nabua,Camarines Sur,REGION V (Bicol Region),375,3.9590,441,5.6705,211,2.2977,456,9.8636,342,3.2399
436th,24.9968,Aliaga,Nueva Ecija,REGION III (Central Luzon),444,3.7760,376,6.4513,435,1.7886,348,11.0412,441,1.9397
437th,24.9524,Ragay,Camarines Sur,REGION V (Bicol Region),451,3.7299,446,5.5514,249,2.2344,396,10.6605,373,2.7762
438th,24.9421,New Corella,Davao Del Norte,REGION XI (Davao Region),263,4.2075,375,6.4548,472,1.4840,231,11.3754,466,1.4204
439th,24.8861,Carranglan,Nueva Ecija,REGION III (Central Luzon),408,3.8908,377,6.4435,429,1.8136,218,11.3858,471,1.3524
440th,24.8799,San Fernando (CU),Cebu,REGION VII (Central Visayas),246,4.2327,444,5.5936,377,1.9742,222,11.3813,456,1.6981
441st,24.6727,Gutalac,Zamboanga Del Norte,REGION IX (Zamboanga Peninsula),470,3.5747,384,6.4033,446,1.7537,328,11.2553,460,1.6857
442nd,24.6670,San Luis (AS),Agusan Del Sur,REGION XIII (Caraga),393,3.9191,414,6.1516,457,1.6719,444,10.2089,391,2.7155
443rd,24.6571,Manapla,Negros Occidental,REGION VI (Western Visayas),450,3.7371,459,5.1726,355,2.0206,425,10.3822,338,3.3446
444th,24.6384,Tiwi,Albay,REGION V (Bicol Region),503,1.4156,326,6.9472,489,0.8820,248,11.3649,244,4.0287
445th,24.6240,Bunawan,Agusan Del Sur,REGION XIII (Caraga),360,3.9957,416,6.1175,221,2.2791,206,11.3930,476,0.8387
446th,24.5690,Oas,Albay,REGION V (Bicol Region),453,3.7086,432,5.8160,307,2.1376,342,11.1414,451,1.7654
447th,24.5391,Lutayan,Sultan Kudarat,REGION XII (Soccsksargen),469,3.5922,334,6.8912,374,1.9779,207,11.3921,490,0.6857
448th,24.5312,Tuao,Cagayan,REGION II (Cagayan Valley),473,3.5382,433,5.8156,416,1.8915,362,10.8999,421,2.3860
449th,24.5129,Marantao,Lanao Del Sur,BARMM - Bangsamoro Autonomous Region in Muslim Mindanao,495,2.4797,387,6.3794,437,1.7802,373,10.8468,358,3.0268
450th,24.5093,Siaton,Negros Oriental,REGION VII (Central Visayas),265,4.2066,460,5.1360,315,2.1276,270,11.3486,459,1.6905
451st,24.4946,Padre Garcia,Batangas,REGION IV-A (CALABARZON),220,4.3188,451,5.4934,319,2.1183,446,10.1707,418,2.3934
452nd,24.3535,Kibawe,Bukidnon,REGION X (Northern Mindanao),464,3.6424,370,6.5285,459,1.6493,368,10.8571,462,1.6762
453rd,24.3302,Aguinaldo,Ifugao,CAR - Cordillera Administrative Region,366,3.9749,226,7.4668,474,1.4712,487,8.6975,389,2.7198
454th,24.2835,Cateel,Davao Oriental,REGION XI (Davao Region),446,3.7563,381,6.4166,487,0.8938,264,11.3527,444,1.8641
455th,24.2418,Ibaan,Batangas,REGION IV-A (CALABARZON),172,4.4476,449,5.4954,263,2.2206,485,9.0097,351,3.0685
456th,24.2029,Dumarao,Capiz,REGION VI (Western Visayas),459,3.6983,401,6.2709,341,2.0600,152,11.4436,480,0.7301
457th,24.0898,Shariff Aguak,Maguindanao Del Sur,BARMM - Bangsamoro Autonomous Region in Muslim Mindanao,302,4.1102,429,5.9100,392,1.9462,434,10.3506,449,1.7728
458th,24.0754,Divilacan,Isabela,REGION II (Cagayan Valley),466,3.6225,327,6.9350,380,1.9710,267,11.3517,496,0.1952
459th,24.0619,Amulung,Cagayan,REGION II (Cagayan Valley),297,4.1192,490,3.9811,405,1.9150,263,11.3529,398,2.6937
460th,24.0454,Datu Piang,Maguindanao Del Sur,BARMM - Bangsamoro Autonomous Region in Muslim Mindanao,423,3.8586,316,7.0191,349,2.0393,419,10.4229,483,0.7055
461st,23.9481,Sergio Osmena,Zamboanga Del Norte,REGION IX (Zamboanga Peninsula),452,3.7154,340,6.8387,414,1.8936,379,10.8242,493,0.6762
462nd,23.9068,Rosario (AS),Agusan Del Sur,REGION XIII (Caraga),406,3.8995,396,6.3135,436,1.7839,337,11.1920,482,0.7179
463rd,23.8282,Sogod (SL),Southern Leyte,REGION VIII (Eastern Visayas),479,3.2575,285,7.2216,492,0.5957,404,10.5713,428,2.1821
464th,23.7200,Katipunan,Zamboanga Del Norte,REGION IX (Zamboanga Peninsula),467,3.6211,418,6.0843,324,2.1036,478,9.4773,414,2.4337
465th,23.6854,Quezon (PN),Palawan,REGION IV-B (MIMAROPA),266,4.2044,399,6.3047,313,2.1287,432,10.3617,489,0.6859
466th,23.6476,San Miguel (BU),Bulacan,REGION III (Central Luzon),155,4.5038,464,5.0326,368,1.9968,325,11.2671,475,0.8473
467th,23.6419,Cauayan (NO),Negros Occidental,REGION VI (Western Visayas),152,4.5230,476,4.6940,430,1.8050,392,10.7050,442,1.9149
468th,23.6334,Sara,Iloilo,REGION VI (Western Visayas),223,4.3062,443,5.5956,295,2.1605,492,7.8422,276,3.7289
469th,23.3534,Parang (SU),Sulu,BARMM - Bangsamoro Autonomous Region in Muslim Mindanao,478,3.2657,357,6.6847,301,2.1465,486,8.9088,426,2.3477
470th,23.2868,Santa Cruz (OM),Occidental Mindoro,REGION IV-B (MIMAROPA),488,3.1168,466,5.0188,339,2.0630,201,11.3968,458,1.6914
471st,23.2851,Isabela (NO),Negros Occidental,REGION VI (Western Visayas),462,3.6834,479,4.5537,356,2.0190,397,10.6375,419,2.3915
472nd,23.2810,Mabini (CV),Davao De Oro,REGION XI (Davao Region),262,4.2107,467,4.9914,361,2.0101,470,9.7067,425,2.3621
473rd,23.1753,Tineg,Abra,CAR - Cordillera Administrative Region,483,3.1646,341,6.8361,491,0.7121,383,10.7958,463,1.6667
474th,23.1678,Sultan Sa Barongis,Maguindanao Del Sur,BARMM - Bangsamoro Autonomous Region in Muslim Mindanao,422,3.8620,482,4.4540,407,1.9097,326,11.2642,461,1.6779
475th,23.0743,Conner,Apayao,CAR - Cordillera Administrative Region,420,3.8644,354,6.7048,480,1.3822,426,10.3821,479,0.7408
476th,22.9354,Jolo,Sulu,BARMM - Bangsamoro Autonomous Region in Muslim Mindanao,190,4.3918,487,4.1425,74,2.7246,482,9.0977,405,2.5788
477th,22.9079,Santa Cruz (ZA),Zambales,REGION III (Central Luzon),329,4.0495,455,5.3444,304,2.1393,331,11.2439,497,0.1308
478th,22.9057,Cantilan,Surigao Del Sur,REGION XIII (Caraga),254,4.2205,458,5.2125,214,2.2950,467,9.7358,465,1.4419
479th,22.8608,Cawayan,Masbate,REGION V (Bicol Region),358,3.9962,392,6.3424,219,2.2818,474,9.5378,484,0.7026
480th,22.6987,Mansalay,Oriental Mindoro,REGION IV-B (MIMAROPA),398,3.9096,481,4.4958,338,2.0663,408,10.5350,457,1.6920
481st,22.6312,Carigara,Leyte,REGION VIII (Eastern Visayas),293,4.1289,436,5.7100,186,2.3560,468,9.7180,481,0.7183
482nd,22.6226,Maguing,Lanao Del Sur,BARMM - Bangsamoro Autonomous Region in Muslim Mindanao,489,3.0964,299,7.1511,434,1.7912,402,10.5800,500,0.0039
483rd,22.5342,Caluya,Antique,REGION VI (Western Visayas),484,3.1582,486,4.1933,466,1.5481,443,10.2169,318,3.4177
484th,22.2823,Malitbog (BK),Bukidnon,REGION X (Northern Mindanao),474,3.4965,477,4.6387,362,2.0068,144,11.4535,488,0.6868
485th,22.0648,Ayungon,Negros Oriental,REGION VII (Central Visayas),320,4.0815,495,3.6446,399,1.9308,452,10.0062,416,2.4017
486th,22.0644,Lagonoy,Camarines Sur,REGION V (Bicol Region),250,4.2265,483,4.4042,478,1.4033,399,10.6151,467,1.4153
487th,22.0263,Abra De Ilog,Occidental Mindoro,REGION IV-B (MIMAROPA),454,3.7084,489,3.9974,427,1.8220,416,10.4881,437,2.0104
488th,21.9759,San Francisco (QN),Quezon,REGION IV-A (CALABARZON),345,4.0247,484,4.2969,408,1.9078,465,9.7904,439,1.9561
489th,21.9702,Murcia,Negros Occidental,REGION VI (Western Visayas),407,3.8978,462,5.1041,288,2.1795,403,10.5758,495,0.2130
490th,21.9678,Tanauan (LE),Leyte,REGION VIII (Eastern Visayas),481,3.2403,492,3.9457,331,2.0888,454,9.8694,366,2.8236
491st,21.7662,Pinukpuk,Kalinga,CAR - Cordillera Administrative Region,409,3.8893,434,5.7777,453,1.7123,469,9.7097,491,0.6772
492nd,21.5554,Kabugao,Apayao,CAR - Cordillera Administrative Region,475,3.4555,469,4.9285,468,1.5190,356,10.9646,487,0.6878
493rd,21.4650,Tandubas,Tawi-Tawi,BARMM - Bangsamoro Autonomous Region in Muslim Mindanao,493,2.8766,465,5.0238,479,1.3872,412,10.5012,462,1.6762
494th,21.3725,Caramoan,Camarines Sur,REGION V (Bicol Region),502,1.7283,485,4.2920,438,1.7798,457,9.8628,285,3.7096
495th,21.2413,Balabac,Palawan,REGION IV-B (MIMAROPA),482,3.2291,463,5.0391,490,0.7767,107,11.5194,492,0.6770
496th,21.0158,Dupax Del Sur,Nueva Vizcaya,REGION II (Cagayan Valley),434,3.8181,478,4.6350,464,1.5691,445,10.2036,478,0.7900
497th,20.7165,Calatrava (NO),Negros Occidental,REGION VI (Western Visayas),472,3.5623,456,5.3322,321,2.1098,490,8.3074,468,1.4048
498th,20.6857,Hinigaran,Negros Occidental,REGION VI (Western Visayas),426,3.8538,453,5.4265,280,2.1892,491,7.8435,469,1.3727
499th,20.6834,Manjuyod,Negros Oriental,REGION VII (Central Visayas),429,3.8416,499,1.2653,391,1.9465,332,11.2431,420,2.3869
500th,20.2571,Languyan,Tawi-Tawi,BARMM - Bangsamoro Autonomous Region in Muslim Mindanao,494,2.8491,323,6.9874,477,1.4572,493,7.2872,462,1.6762
501st,20.1398,Tinambac,Camarines Sur,REGION V (Bicol Region),487,3.1320,494,3.6700,262,2.2216,466,9.7534,470,1.3628
502nd,19.8663,Sibalom,Antique,REGION VI (Western Visayas),403,3.9044,497,2.0619,476,1.4605,481,9.2856,346,3.1539
503rd,19.8589,Santo Nino (CG),Cagayan,REGION II (Cagayan Valley),377,3.9523,408,6.2183,496,0.1273,475,9.5372,498,0.0238
504th,19.8463,Placer (MS),Masbate,REGION V (Bicol Region),490,3.0137,472,4.8132,384,1.9642,484,9.0457,474,1.0095
505th,19.5446,Sumisip,Basilan,BARMM - Bangsamoro Autonomous Region in Muslim Mindanao,500,1.9771,470,4.9046,497,0.1011,407,10.5427,434,2.0191
506th,19.2754,Palimbang,Sultan Kudarat,REGION XII (Soccsksargen),363,3.9889,493,3.8545,488,0.8932,462,9.8471,486,0.6917
507th,18.5957,Lumba-Bayabao,Lanao Del Sur,BARMM - Bangsamoro Autonomous Region in Muslim Mindanao,476,3.4263,491,3.9767,498,0.0217,411,10.5043,494,0.6667
508th,17.0844,Ilog,Negros Occidental,REGION VI (Western Visayas),504,1.0506,496,2.8455,431,1.8045,394,10.6885,485,0.6953
509th,7.6273,Siasi,Sulu,BARMM - Bangsamoro Autonomous Region in Muslim Mindanao,498,2.2578,498,1.9294,473,1.4714,494,1.9592,499,0.0095
510th,2.9038,Tuburan (BA),Basilan,BARMM - Bangsamoro Autonomous Region in Muslim Mindanao,501,1.9038,500,1.0000,499,0.0000,495,0.0000,501,0.0000
